mode: atomic
github.com/mrz1836/go-coverage/internal/analysis/comparison.go:225.70,226.19 1 20
github.com/mrz1836/go-coverage/internal/analysis/comparison.go:226.19,239.3 1 15
github.com/mrz1836/go-coverage/internal/analysis/comparison.go:241.2,243.3 1 20
github.com/mrz1836/go-coverage/internal/analysis/comparison.go:247.134,257.33 3 1
github.com/mrz1836/go-coverage/internal/analysis/comparison.go:257.33,259.3 1 1
github.com/mrz1836/go-coverage/internal/analysis/comparison.go:262.2,265.34 2 1
github.com/mrz1836/go-coverage/internal/analysis/comparison.go:265.34,267.3 1 1
github.com/mrz1836/go-coverage/internal/analysis/comparison.go:270.2,278.20 4 1
github.com/mrz1836/go-coverage/internal/analysis/comparison.go:282.99,288.28 5 5
github.com/mrz1836/go-coverage/internal/analysis/comparison.go:288.28,290.3 1 3
github.com/mrz1836/go-coverage/internal/analysis/comparison.go:290.8,290.36 1 2
github.com/mrz1836/go-coverage/internal/analysis/comparison.go:290.36,292.3 1 1
github.com/mrz1836/go-coverage/internal/analysis/comparison.go:294.2,304.3 3 5
github.com/mrz1836/go-coverage/internal/analysis/comparison.go:308.96,320.34 7 3
github.com/mrz1836/go-coverage/internal/analysis/comparison.go:320.34,322.3 1 7
github.com/mrz1836/go-coverage/internal/analysis/comparison.go:323.2,323.32 1 3
github.com/mrz1836/go-coverage/internal/analysis/comparison.go:323.32,325.3 1 8
github.com/mrz1836/go-coverage/internal/analysis/comparison.go:327.2,327.33 1 3
github.com/mrz1836/go-coverage/internal/analysis/comparison.go:327.33,328.57 1 9
github.com/mrz1836/go-coverage/internal/analysis/comparison.go:328.57,329.12 1 1
github.com/mrz1836/go-coverage/internal/analysis/comparison.go:332.3,341.23 4 8
github.com/mrz1836/go-coverage/internal/analysis/comparison.go:341.23,348.4 6 2
github.com/mrz1836/go-coverage/internal/analysis/comparison.go:348.9,348.30 1 6
github.com/mrz1836/go-coverage/internal/analysis/comparison.go:348.30,355.4 6 1
github.com/mrz1836/go-coverage/internal/analysis/comparison.go:355.9,365.37 8 5
github.com/mrz1836/go-coverage/internal/analysis/comparison.go:365.37,367.5 1 3
github.com/mrz1836/go-coverage/internal/analysis/comparison.go:367.10,367.45 1 2
github.com/mrz1836/go-coverage/internal/analysis/comparison.go:367.45,369.5 1 0
github.com/mrz1836/go-coverage/internal/analysis/comparison.go:369.10,371.5 1 2
github.com/mrz1836/go-coverage/internal/analysis/comparison.go:374.3,380.36 4 8
github.com/mrz1836/go-coverage/internal/analysis/comparison.go:384.2,384.61 1 3
github.com/mrz1836/go-coverage/internal/analysis/comparison.go:384.61,385.41 1 8
github.com/mrz1836/go-coverage/internal/analysis/comparison.go:385.41,386.23 1 4
github.com/mrz1836/go-coverage/internal/analysis/comparison.go:386.23,388.5 1 2
github.com/mrz1836/go-coverage/internal/analysis/comparison.go:389.4,389.12 1 2
github.com/mrz1836/go-coverage/internal/analysis/comparison.go:391.3,391.81 1 4
github.com/mrz1836/go-coverage/internal/analysis/comparison.go:395.2,395.47 1 3
github.com/mrz1836/go-coverage/internal/analysis/comparison.go:395.47,397.3 1 0
github.com/mrz1836/go-coverage/internal/analysis/comparison.go:399.2,399.16 1 3
github.com/mrz1836/go-coverage/internal/analysis/comparison.go:403.102,415.40 7 2
github.com/mrz1836/go-coverage/internal/analysis/comparison.go:415.40,417.3 1 4
github.com/mrz1836/go-coverage/internal/analysis/comparison.go:418.2,418.38 1 2
github.com/mrz1836/go-coverage/internal/analysis/comparison.go:418.38,420.3 1 4
github.com/mrz1836/go-coverage/internal/analysis/comparison.go:422.2,422.39 1 2
github.com/mrz1836/go-coverage/internal/analysis/comparison.go:422.39,426.35 3 5
github.com/mrz1836/go-coverage/internal/analysis/comparison.go:426.35,427.12 1 2
github.com/mrz1836/go-coverage/internal/analysis/comparison.go:430.3,433.29 3 3
github.com/mrz1836/go-coverage/internal/analysis/comparison.go:433.29,435.4 1 2
github.com/mrz1836/go-coverage/internal/analysis/comparison.go:435.9,435.37 1 1
github.com/mrz1836/go-coverage/internal/analysis/comparison.go:435.37,437.4 1 1
github.com/mrz1836/go-coverage/internal/analysis/comparison.go:439.3,451.36 3 3
github.com/mrz1836/go-coverage/internal/analysis/comparison.go:455.2,455.64 1 2
github.com/mrz1836/go-coverage/internal/analysis/comparison.go:455.64,456.41 1 1
github.com/mrz1836/go-coverage/internal/analysis/comparison.go:456.41,457.23 1 0
github.com/mrz1836/go-coverage/internal/analysis/comparison.go:457.23,459.5 1 0
github.com/mrz1836/go-coverage/internal/analysis/comparison.go:460.4,460.12 1 0
github.com/mrz1836/go-coverage/internal/analysis/comparison.go:462.3,462.81 1 1
github.com/mrz1836/go-coverage/internal/analysis/comparison.go:465.2,465.16 1 2
github.com/mrz1836/go-coverage/internal/analysis/comparison.go:469.84,478.28 4 2
github.com/mrz1836/go-coverage/internal/analysis/comparison.go:478.28,481.3 2 2
github.com/mrz1836/go-coverage/internal/analysis/comparison.go:481.8,481.36 1 0
github.com/mrz1836/go-coverage/internal/analysis/comparison.go:481.36,484.3 2 0
github.com/mrz1836/go-coverage/internal/analysis/comparison.go:486.2,509.3 4 2
github.com/mrz1836/go-coverage/internal/analysis/comparison.go:513.166,543.2 8 2
github.com/mrz1836/go-coverage/internal/analysis/comparison.go:546.95,552.53 3 2
github.com/mrz1836/go-coverage/internal/analysis/comparison.go:552.53,566.3 1 1
github.com/mrz1836/go-coverage/internal/analysis/comparison.go:569.2,570.48 2 2
github.com/mrz1836/go-coverage/internal/analysis/comparison.go:570.48,571.38 1 6
github.com/mrz1836/go-coverage/internal/analysis/comparison.go:571.38,573.4 1 2
github.com/mrz1836/go-coverage/internal/analysis/comparison.go:576.2,576.23 1 2
github.com/mrz1836/go-coverage/internal/analysis/comparison.go:576.23,590.3 1 1
github.com/mrz1836/go-coverage/internal/analysis/comparison.go:593.2,593.95 1 2
github.com/mrz1836/go-coverage/internal/analysis/comparison.go:593.95,607.3 1 1
github.com/mrz1836/go-coverage/internal/analysis/comparison.go:609.2,609.24 1 2
github.com/mrz1836/go-coverage/internal/analysis/comparison.go:613.88,621.40 6 2
github.com/mrz1836/go-coverage/internal/analysis/comparison.go:621.40,622.41 1 2
github.com/mrz1836/go-coverage/internal/analysis/comparison.go:623.26,624.30 1 2
github.com/mrz1836/go-coverage/internal/analysis/comparison.go:625.26,626.30 1 0
github.com/mrz1836/go-coverage/internal/analysis/comparison.go:631.2,631.40 1 2
github.com/mrz1836/go-coverage/internal/analysis/comparison.go:631.40,634.3 1 2
github.com/mrz1836/go-coverage/internal/analysis/comparison.go:636.2,637.48 2 2
github.com/mrz1836/go-coverage/internal/analysis/comparison.go:637.48,638.31 1 6
github.com/mrz1836/go-coverage/internal/analysis/comparison.go:638.31,640.4 1 4
github.com/mrz1836/go-coverage/internal/analysis/comparison.go:643.2,643.32 1 2
github.com/mrz1836/go-coverage/internal/analysis/comparison.go:643.32,645.3 1 2
github.com/mrz1836/go-coverage/internal/analysis/comparison.go:648.2,649.53 2 2
github.com/mrz1836/go-coverage/internal/analysis/comparison.go:649.53,651.3 1 0
github.com/mrz1836/go-coverage/internal/analysis/comparison.go:653.2,653.95 1 2
github.com/mrz1836/go-coverage/internal/analysis/comparison.go:653.95,655.3 1 0
github.com/mrz1836/go-coverage/internal/analysis/comparison.go:658.2,658.53 1 2
github.com/mrz1836/go-coverage/internal/analysis/comparison.go:658.53,660.3 1 0
github.com/mrz1836/go-coverage/internal/analysis/comparison.go:662.2,662.95 1 2
github.com/mrz1836/go-coverage/internal/analysis/comparison.go:662.95,664.3 1 2
github.com/mrz1836/go-coverage/internal/analysis/comparison.go:667.2,667.45 1 2
github.com/mrz1836/go-coverage/internal/analysis/comparison.go:667.45,668.35 1 2
github.com/mrz1836/go-coverage/internal/analysis/comparison.go:668.35,670.4 1 1
github.com/mrz1836/go-coverage/internal/analysis/comparison.go:673.2,679.3 1 2
github.com/mrz1836/go-coverage/internal/analysis/comparison.go:683.112,685.16 2 3
github.com/mrz1836/go-coverage/internal/analysis/comparison.go:685.16,687.3 1 1
github.com/mrz1836/go-coverage/internal/analysis/comparison.go:688.2,688.15 1 2
github.com/mrz1836/go-coverage/internal/analysis/comparison.go:688.15,688.35 1 2
github.com/mrz1836/go-coverage/internal/analysis/comparison.go:690.2,691.16 2 2
github.com/mrz1836/go-coverage/internal/analysis/comparison.go:691.16,693.3 1 0
github.com/mrz1836/go-coverage/internal/analysis/comparison.go:695.2,696.56 2 2
github.com/mrz1836/go-coverage/internal/analysis/comparison.go:696.56,698.3 1 1
github.com/mrz1836/go-coverage/internal/analysis/comparison.go:700.2,700.23 1 1
github.com/mrz1836/go-coverage/internal/analysis/comparison.go:704.117,706.16 2 1
github.com/mrz1836/go-coverage/internal/analysis/comparison.go:706.16,708.3 1 0
github.com/mrz1836/go-coverage/internal/analysis/comparison.go:711.2,712.48 2 1
github.com/mrz1836/go-coverage/internal/analysis/comparison.go:712.48,714.3 1 0
github.com/mrz1836/go-coverage/internal/analysis/comparison.go:716.2,716.60 1 1
github.com/mrz1836/go-coverage/internal/analysis/comparison.go:716.60,718.3 1 0
github.com/mrz1836/go-coverage/internal/analysis/comparison.go:720.2,720.12 1 1
github.com/mrz1836/go-coverage/internal/analysis/comparison.go:725.70,726.19 1 17
github.com/mrz1836/go-coverage/internal/analysis/comparison.go:726.19,728.3 1 10
github.com/mrz1836/go-coverage/internal/analysis/comparison.go:728.8,728.26 1 7
github.com/mrz1836/go-coverage/internal/analysis/comparison.go:728.26,730.3 1 1
github.com/mrz1836/go-coverage/internal/analysis/comparison.go:730.8,730.26 1 6
github.com/mrz1836/go-coverage/internal/analysis/comparison.go:730.26,732.3 1 2
github.com/mrz1836/go-coverage/internal/analysis/comparison.go:733.2,733.21 1 4
github.com/mrz1836/go-coverage/internal/analysis/comparison.go:736.76,737.71 1 12
github.com/mrz1836/go-coverage/internal/analysis/comparison.go:737.71,739.3 1 1
github.com/mrz1836/go-coverage/internal/analysis/comparison.go:739.8,739.79 1 11
github.com/mrz1836/go-coverage/internal/analysis/comparison.go:739.79,741.3 1 5
github.com/mrz1836/go-coverage/internal/analysis/comparison.go:742.2,742.20 1 6
github.com/mrz1836/go-coverage/internal/analysis/comparison.go:745.76,746.20 1 9
github.com/mrz1836/go-coverage/internal/analysis/comparison.go:746.20,748.3 1 1
github.com/mrz1836/go-coverage/internal/analysis/comparison.go:748.8,748.27 1 8
github.com/mrz1836/go-coverage/internal/analysis/comparison.go:748.27,750.3 1 1
github.com/mrz1836/go-coverage/internal/analysis/comparison.go:750.8,750.27 1 7
github.com/mrz1836/go-coverage/internal/analysis/comparison.go:750.27,752.3 1 3
github.com/mrz1836/go-coverage/internal/analysis/comparison.go:752.8,752.27 1 4
github.com/mrz1836/go-coverage/internal/analysis/comparison.go:752.27,754.3 1 1
github.com/mrz1836/go-coverage/internal/analysis/comparison.go:754.8,754.27 1 3
github.com/mrz1836/go-coverage/internal/analysis/comparison.go:754.27,756.3 1 1
github.com/mrz1836/go-coverage/internal/analysis/comparison.go:756.8,756.27 1 2
github.com/mrz1836/go-coverage/internal/analysis/comparison.go:756.27,758.3 1 1
github.com/mrz1836/go-coverage/internal/analysis/comparison.go:759.2,759.12 1 1
github.com/mrz1836/go-coverage/internal/analysis/comparison.go:762.86,763.67 1 7
github.com/mrz1836/go-coverage/internal/analysis/comparison.go:763.67,765.3 1 3
github.com/mrz1836/go-coverage/internal/analysis/comparison.go:765.8,765.50 1 4
github.com/mrz1836/go-coverage/internal/analysis/comparison.go:765.50,767.3 1 1
github.com/mrz1836/go-coverage/internal/analysis/comparison.go:767.8,767.48 1 3
github.com/mrz1836/go-coverage/internal/analysis/comparison.go:767.48,769.3 1 1
github.com/mrz1836/go-coverage/internal/analysis/comparison.go:769.8,769.75 1 2
github.com/mrz1836/go-coverage/internal/analysis/comparison.go:769.75,771.3 1 1
github.com/mrz1836/go-coverage/internal/analysis/comparison.go:772.2,772.12 1 1
github.com/mrz1836/go-coverage/internal/analysis/comparison.go:775.82,779.2 1 2
github.com/mrz1836/go-coverage/internal/analysis/comparison.go:781.137,784.19 2 6
github.com/mrz1836/go-coverage/internal/analysis/comparison.go:784.19,786.3 1 1
github.com/mrz1836/go-coverage/internal/analysis/comparison.go:786.8,786.26 1 5
github.com/mrz1836/go-coverage/internal/analysis/comparison.go:786.26,788.3 1 1
github.com/mrz1836/go-coverage/internal/analysis/comparison.go:788.8,788.26 1 4
github.com/mrz1836/go-coverage/internal/analysis/comparison.go:788.26,790.3 1 1
github.com/mrz1836/go-coverage/internal/analysis/comparison.go:792.2,792.67 1 6
github.com/mrz1836/go-coverage/internal/analysis/comparison.go:792.67,794.3 1 2
github.com/mrz1836/go-coverage/internal/analysis/comparison.go:796.2,797.41 2 6
github.com/mrz1836/go-coverage/internal/analysis/comparison.go:797.41,798.38 1 16
github.com/mrz1836/go-coverage/internal/analysis/comparison.go:798.38,800.4 1 9
github.com/mrz1836/go-coverage/internal/analysis/comparison.go:803.2,803.23 1 6
github.com/mrz1836/go-coverage/internal/analysis/comparison.go:803.23,805.3 1 1
github.com/mrz1836/go-coverage/internal/analysis/comparison.go:805.8,805.30 1 5
github.com/mrz1836/go-coverage/internal/analysis/comparison.go:805.30,807.3 1 0
github.com/mrz1836/go-coverage/internal/analysis/comparison.go:809.2,809.20 1 6
github.com/mrz1836/go-coverage/internal/analysis/comparison.go:809.20,811.3 1 1
github.com/mrz1836/go-coverage/internal/analysis/comparison.go:811.8,811.27 1 5
github.com/mrz1836/go-coverage/internal/analysis/comparison.go:811.27,813.3 1 1
github.com/mrz1836/go-coverage/internal/analysis/comparison.go:813.8,813.27 1 4
github.com/mrz1836/go-coverage/internal/analysis/comparison.go:813.27,815.3 1 1
github.com/mrz1836/go-coverage/internal/analysis/comparison.go:816.2,816.20 1 3
github.com/mrz1836/go-coverage/internal/analysis/comparison.go:819.107,823.67 2 6
github.com/mrz1836/go-coverage/internal/analysis/comparison.go:823.67,825.3 1 4
github.com/mrz1836/go-coverage/internal/analysis/comparison.go:825.8,825.74 1 2
github.com/mrz1836/go-coverage/internal/analysis/comparison.go:825.74,827.3 1 2
github.com/mrz1836/go-coverage/internal/analysis/comparison.go:830.2,830.17 1 6
github.com/mrz1836/go-coverage/internal/analysis/comparison.go:830.17,832.3 1 1
github.com/mrz1836/go-coverage/internal/analysis/comparison.go:832.8,832.22 1 5
github.com/mrz1836/go-coverage/internal/analysis/comparison.go:832.22,834.3 1 1
github.com/mrz1836/go-coverage/internal/analysis/comparison.go:836.2,836.14 1 6
github.com/mrz1836/go-coverage/internal/analysis/comparison.go:839.163,844.53 3 2
github.com/mrz1836/go-coverage/internal/analysis/comparison.go:844.53,846.3 1 0
github.com/mrz1836/go-coverage/internal/analysis/comparison.go:848.2,848.43 1 2
github.com/mrz1836/go-coverage/internal/analysis/comparison.go:848.43,850.3 1 2
github.com/mrz1836/go-coverage/internal/analysis/comparison.go:852.2,853.41 2 2
github.com/mrz1836/go-coverage/internal/analysis/comparison.go:853.41,854.36 1 6
github.com/mrz1836/go-coverage/internal/analysis/comparison.go:854.36,856.4 1 4
github.com/mrz1836/go-coverage/internal/analysis/comparison.go:859.2,859.36 1 2
github.com/mrz1836/go-coverage/internal/analysis/comparison.go:859.36,861.3 1 2
github.com/mrz1836/go-coverage/internal/analysis/comparison.go:864.2,864.53 1 2
github.com/mrz1836/go-coverage/internal/analysis/comparison.go:864.53,866.3 1 0
github.com/mrz1836/go-coverage/internal/analysis/comparison.go:868.2,868.67 1 2
github.com/mrz1836/go-coverage/internal/analysis/comparison.go:868.67,870.3 1 0
github.com/mrz1836/go-coverage/internal/analysis/comparison.go:872.2,873.41 2 2
github.com/mrz1836/go-coverage/internal/analysis/comparison.go:873.41,874.35 1 6
github.com/mrz1836/go-coverage/internal/analysis/comparison.go:874.35,876.4 1 1
github.com/mrz1836/go-coverage/internal/analysis/comparison.go:879.2,879.19 1 2
github.com/mrz1836/go-coverage/internal/analysis/comparison.go:879.19,881.3 1 1
github.com/mrz1836/go-coverage/internal/analysis/comparison.go:883.2,883.30 1 2
github.com/mrz1836/go-coverage/internal/analysis/comparison.go:886.61,890.2 1 8
github.com/mrz1836/go-coverage/internal/analytics/assets/assets.go:21.43,24.54 2 254
github.com/mrz1836/go-coverage/internal/analytics/assets/assets.go:24.54,26.3 1 2
github.com/mrz1836/go-coverage/internal/analytics/assets/assets.go:29.2,29.79 1 252
github.com/mrz1836/go-coverage/internal/analytics/assets/assets.go:29.79,30.17 1 3024
github.com/mrz1836/go-coverage/internal/analytics/assets/assets.go:30.17,32.4 1 0
github.com/mrz1836/go-coverage/internal/analytics/assets/assets.go:35.3,35.18 1 3024
github.com/mrz1836/go-coverage/internal/analytics/assets/assets.go:35.18,37.4 1 252
github.com/mrz1836/go-coverage/internal/analytics/assets/assets.go:40.3,43.16 2 2772
github.com/mrz1836/go-coverage/internal/analytics/assets/assets.go:43.16,45.4 1 756
github.com/mrz1836/go-coverage/internal/analytics/assets/assets.go:48.3,49.17 2 2016
github.com/mrz1836/go-coverage/internal/analytics/assets/assets.go:49.17,51.4 1 0
github.com/mrz1836/go-coverage/internal/analytics/assets/assets.go:54.3,54.70 1 2016
github.com/mrz1836/go-coverage/internal/analytics/assets/assets.go:54.70,56.4 1 0
github.com/mrz1836/go-coverage/internal/analytics/assets/assets.go:59.3,59.63 1 2016
github.com/mrz1836/go-coverage/internal/analytics/assets/assets.go:59.63,61.4 1 0
github.com/mrz1836/go-coverage/internal/analytics/assets/assets.go:63.3,63.13 1 2016
github.com/mrz1836/go-coverage/internal/analytics/assets/assets.go:68.44,70.16 2 275
github.com/mrz1836/go-coverage/internal/analytics/assets/assets.go:70.16,72.3 1 2
github.com/mrz1836/go-coverage/internal/analytics/assets/assets.go:73.2,73.18 1 273
github.com/mrz1836/go-coverage/internal/analytics/assets/assets.go:77.36,80.2 2 265
github.com/mrz1836/go-coverage/internal/analytics/assets/assets.go:83.37,85.79 2 253
github.com/mrz1836/go-coverage/internal/analytics/assets/assets.go:85.79,86.17 1 3036
github.com/mrz1836/go-coverage/internal/analytics/assets/assets.go:86.17,88.4 1 0
github.com/mrz1836/go-coverage/internal/analytics/assets/assets.go:89.3,89.32 1 3036
github.com/mrz1836/go-coverage/internal/analytics/assets/assets.go:89.32,91.4 1 2024
github.com/mrz1836/go-coverage/internal/analytics/assets/assets.go:92.3,92.13 1 3036
github.com/mrz1836/go-coverage/internal/analytics/assets/assets.go:94.2,94.16 1 253
github.com/mrz1836/go-coverage/internal/analytics/assets/assets.go:94.16,96.3 1 0
github.com/mrz1836/go-coverage/internal/analytics/assets/assets.go:97.2,97.20 1 253
github.com/mrz1836/go-coverage/cmd/go-coverage/main.go:20.31,24.59 2 2
github.com/mrz1836/go-coverage/cmd/go-coverage/main.go:24.59,26.3 1 0
github.com/mrz1836/go-coverage/cmd/go-coverage/main.go:28.2,32.3 1 2
github.com/mrz1836/go-coverage/cmd/go-coverage/main.go:35.13,37.2 1 2
github.com/mrz1836/go-coverage/cmd/go-coverage/main.go:41.16,56.43 4 2
github.com/mrz1836/go-coverage/cmd/go-coverage/main.go:56.43,59.3 2 1
github.com/mrz1836/go-coverage/cmd/go-coverage/main.go:60.2,60.10 1 1
github.com/mrz1836/go-coverage/cmd/go-coverage/version.go:35.36,36.24 1 35
github.com/mrz1836/go-coverage/cmd/go-coverage/version.go:36.24,42.3 1 3
github.com/mrz1836/go-coverage/cmd/go-coverage/version.go:43.2,43.24 1 35
github.com/mrz1836/go-coverage/cmd/go-coverage/version.go:47.26,51.59 2 11
github.com/mrz1836/go-coverage/cmd/go-coverage/version.go:51.59,53.3 1 9
github.com/mrz1836/go-coverage/cmd/go-coverage/version.go:56.2,56.48 1 2
github.com/mrz1836/go-coverage/cmd/go-coverage/version.go:56.48,58.74 1 2
github.com/mrz1836/go-coverage/cmd/go-coverage/version.go:58.74,64.4 3 0
github.com/mrz1836/go-coverage/cmd/go-coverage/version.go:67.3,67.46 1 2
github.com/mrz1836/go-coverage/cmd/go-coverage/version.go:67.46,68.60 1 24
github.com/mrz1836/go-coverage/cmd/go-coverage/version.go:68.60,70.31 1 0
github.com/mrz1836/go-coverage/cmd/go-coverage/version.go:70.31,72.6 1 0
github.com/mrz1836/go-coverage/cmd/go-coverage/version.go:73.5,73.25 1 0
github.com/mrz1836/go-coverage/cmd/go-coverage/version.go:79.2,79.14 1 2
github.com/mrz1836/go-coverage/cmd/go-coverage/version.go:83.25,87.82 2 11
github.com/mrz1836/go-coverage/cmd/go-coverage/version.go:87.82,89.3 1 1
github.com/mrz1836/go-coverage/cmd/go-coverage/version.go:92.2,92.48 1 10
github.com/mrz1836/go-coverage/cmd/go-coverage/version.go:92.48,93.46 1 10
github.com/mrz1836/go-coverage/cmd/go-coverage/version.go:93.46,94.60 1 120
github.com/mrz1836/go-coverage/cmd/go-coverage/version.go:94.60,96.5 1 0
github.com/mrz1836/go-coverage/cmd/go-coverage/version.go:100.2,100.15 1 10
github.com/mrz1836/go-coverage/cmd/go-coverage/version.go:104.28,108.94 2 11
github.com/mrz1836/go-coverage/cmd/go-coverage/version.go:108.94,110.3 1 1
github.com/mrz1836/go-coverage/cmd/go-coverage/version.go:113.2,113.48 1 10
github.com/mrz1836/go-coverage/cmd/go-coverage/version.go:113.48,114.46 1 10
github.com/mrz1836/go-coverage/cmd/go-coverage/version.go:114.46,115.56 1 120
github.com/mrz1836/go-coverage/cmd/go-coverage/version.go:115.56,117.5 1 0
github.com/mrz1836/go-coverage/cmd/go-coverage/version.go:121.2,121.18 1 10
github.com/mrz1836/go-coverage/cmd/go-coverage/version.go:125.24,126.43 1 6
github.com/mrz1836/go-coverage/cmd/go-coverage/version.go:126.43,127.41 1 6
github.com/mrz1836/go-coverage/cmd/go-coverage/version.go:127.41,128.37 1 72
github.com/mrz1836/go-coverage/cmd/go-coverage/version.go:128.37,130.5 1 0
github.com/mrz1836/go-coverage/cmd/go-coverage/version.go:133.2,133.14 1 6
github.com/mrz1836/go-coverage/cmd/go-coverage/version.go:137.38,139.2 1 35
github.com/mrz1836/go-coverage/internal/analytics/dashboard/generator.go:25.43,27.24 2 52
github.com/mrz1836/go-coverage/internal/analytics/dashboard/generator.go:27.24,29.3 1 50
github.com/mrz1836/go-coverage/internal/analytics/dashboard/generator.go:31.2,32.34 2 52
github.com/mrz1836/go-coverage/internal/analytics/dashboard/generator.go:32.34,33.46 1 98
github.com/mrz1836/go-coverage/internal/analytics/dashboard/generator.go:33.46,35.4 1 22
github.com/mrz1836/go-coverage/internal/analytics/dashboard/generator.go:38.2,38.14 1 30
github.com/mrz1836/go-coverage/internal/analytics/dashboard/generator.go:71.55,73.30 2 27
github.com/mrz1836/go-coverage/internal/analytics/dashboard/generator.go:73.30,75.3 1 1
github.com/mrz1836/go-coverage/internal/analytics/dashboard/generator.go:77.2,81.3 1 27
github.com/mrz1836/go-coverage/internal/analytics/dashboard/generator.go:85.77,87.63 1 6
github.com/mrz1836/go-coverage/internal/analytics/dashboard/generator.go:87.63,89.3 1 1
github.com/mrz1836/go-coverage/internal/analytics/dashboard/generator.go:92.2,93.16 2 5
github.com/mrz1836/go-coverage/internal/analytics/dashboard/generator.go:93.16,95.3 1 0
github.com/mrz1836/go-coverage/internal/analytics/dashboard/generator.go:98.2,99.82 2 5
github.com/mrz1836/go-coverage/internal/analytics/dashboard/generator.go:99.82,101.3 1 1
github.com/mrz1836/go-coverage/internal/analytics/dashboard/generator.go:104.2,104.54 1 4
github.com/mrz1836/go-coverage/internal/analytics/dashboard/generator.go:104.54,106.3 1 0
github.com/mrz1836/go-coverage/internal/analytics/dashboard/generator.go:109.2,109.42 1 4
github.com/mrz1836/go-coverage/internal/analytics/dashboard/generator.go:109.42,111.3 1 0
github.com/mrz1836/go-coverage/internal/analytics/dashboard/generator.go:113.2,113.12 1 4
github.com/mrz1836/go-coverage/internal/analytics/dashboard/generator.go:117.100,126.16 4 6
github.com/mrz1836/go-coverage/internal/analytics/dashboard/generator.go:126.16,128.3 1 0
github.com/mrz1836/go-coverage/internal/analytics/dashboard/generator.go:130.2,130.18 1 6
github.com/mrz1836/go-coverage/internal/analytics/dashboard/generator.go:134.64,137.16 3 49
github.com/mrz1836/go-coverage/internal/analytics/dashboard/generator.go:137.16,139.3 1 1
github.com/mrz1836/go-coverage/internal/analytics/dashboard/generator.go:141.2,142.38 2 48
github.com/mrz1836/go-coverage/internal/analytics/dashboard/generator.go:146.59,149.76 2 59
github.com/mrz1836/go-coverage/internal/analytics/dashboard/generator.go:149.76,161.3 4 3
github.com/mrz1836/go-coverage/internal/analytics/dashboard/generator.go:164.2,165.16 2 56
github.com/mrz1836/go-coverage/internal/analytics/dashboard/generator.go:165.16,167.3 1 1
github.com/mrz1836/go-coverage/internal/analytics/dashboard/generator.go:170.2,174.20 4 55
github.com/mrz1836/go-coverage/internal/analytics/dashboard/generator.go:174.20,176.3 1 4
github.com/mrz1836/go-coverage/internal/analytics/dashboard/generator.go:178.2,187.3 3 51
github.com/mrz1836/go-coverage/internal/analytics/dashboard/generator.go:191.50,195.16 3 24
github.com/mrz1836/go-coverage/internal/analytics/dashboard/generator.go:195.16,198.3 1 24
github.com/mrz1836/go-coverage/internal/analytics/dashboard/generator.go:199.2,199.42 1 0
github.com/mrz1836/go-coverage/internal/analytics/dashboard/generator.go:203.97,217.41 8 22
github.com/mrz1836/go-coverage/internal/analytics/dashboard/generator.go:217.41,220.39 3 4
github.com/mrz1836/go-coverage/internal/analytics/dashboard/generator.go:220.39,222.4 1 2
github.com/mrz1836/go-coverage/internal/analytics/dashboard/generator.go:222.9,224.4 1 2
github.com/mrz1836/go-coverage/internal/analytics/dashboard/generator.go:228.2,236.21 5 22
github.com/mrz1836/go-coverage/internal/analytics/dashboard/generator.go:236.21,239.24 3 22
github.com/mrz1836/go-coverage/internal/analytics/dashboard/generator.go:239.24,241.4 1 15
github.com/mrz1836/go-coverage/internal/analytics/dashboard/generator.go:245.2,246.74 2 22
github.com/mrz1836/go-coverage/internal/analytics/dashboard/generator.go:246.74,248.3 1 18
github.com/mrz1836/go-coverage/internal/analytics/dashboard/generator.go:251.2,252.49 2 22
github.com/mrz1836/go-coverage/internal/analytics/dashboard/generator.go:252.49,254.3 1 8
github.com/mrz1836/go-coverage/internal/analytics/dashboard/generator.go:254.8,254.82 1 14
github.com/mrz1836/go-coverage/internal/analytics/dashboard/generator.go:254.82,257.3 1 0
github.com/mrz1836/go-coverage/internal/analytics/dashboard/generator.go:260.2,262.27 3 22
github.com/mrz1836/go-coverage/internal/analytics/dashboard/generator.go:262.27,264.3 1 22
github.com/mrz1836/go-coverage/internal/analytics/dashboard/generator.go:265.2,265.46 1 22
github.com/mrz1836/go-coverage/internal/analytics/dashboard/generator.go:265.46,267.3 1 16
github.com/mrz1836/go-coverage/internal/analytics/dashboard/generator.go:267.8,267.79 1 6
github.com/mrz1836/go-coverage/internal/analytics/dashboard/generator.go:267.79,270.3 1 0
github.com/mrz1836/go-coverage/internal/analytics/dashboard/generator.go:273.2,274.74 2 22
github.com/mrz1836/go-coverage/internal/analytics/dashboard/generator.go:274.74,276.3 1 6
github.com/mrz1836/go-coverage/internal/analytics/dashboard/generator.go:279.2,280.25 2 22
github.com/mrz1836/go-coverage/internal/analytics/dashboard/generator.go:280.25,282.52 1 6
github.com/mrz1836/go-coverage/internal/analytics/dashboard/generator.go:282.52,284.4 1 6
github.com/mrz1836/go-coverage/internal/analytics/dashboard/generator.go:284.9,284.34 1 0
github.com/mrz1836/go-coverage/internal/analytics/dashboard/generator.go:284.34,286.4 1 0
github.com/mrz1836/go-coverage/internal/analytics/dashboard/generator.go:286.9,288.4 1 0
github.com/mrz1836/go-coverage/internal/analytics/dashboard/generator.go:289.8,291.52 1 16
github.com/mrz1836/go-coverage/internal/analytics/dashboard/generator.go:291.52,293.4 1 16
github.com/mrz1836/go-coverage/internal/analytics/dashboard/generator.go:293.9,293.34 1 0
github.com/mrz1836/go-coverage/internal/analytics/dashboard/generator.go:293.34,295.4 1 0
github.com/mrz1836/go-coverage/internal/analytics/dashboard/generator.go:300.2,307.16 4 22
github.com/mrz1836/go-coverage/internal/analytics/dashboard/generator.go:307.16,309.3 1 0
github.com/mrz1836/go-coverage/internal/analytics/dashboard/generator.go:311.2,360.3 1 22
github.com/mrz1836/go-coverage/internal/analytics/dashboard/generator.go:364.56,365.18 1 25
github.com/mrz1836/go-coverage/internal/analytics/dashboard/generator.go:365.18,367.3 1 5
github.com/mrz1836/go-coverage/internal/analytics/dashboard/generator.go:368.2,368.12 1 20
github.com/mrz1836/go-coverage/internal/analytics/dashboard/generator.go:372.97,380.21 4 25
github.com/mrz1836/go-coverage/internal/analytics/dashboard/generator.go:380.21,383.3 2 25
github.com/mrz1836/go-coverage/internal/analytics/dashboard/generator.go:386.2,387.72 2 25
github.com/mrz1836/go-coverage/internal/analytics/dashboard/generator.go:387.72,390.3 1 18
github.com/mrz1836/go-coverage/internal/analytics/dashboard/generator.go:394.2,404.17 2 25
github.com/mrz1836/go-coverage/internal/analytics/dashboard/generator.go:408.59,411.2 2 33
github.com/mrz1836/go-coverage/internal/analytics/dashboard/generator.go:414.85,416.31 2 25
github.com/mrz1836/go-coverage/internal/analytics/dashboard/generator.go:416.31,419.34 2 5
github.com/mrz1836/go-coverage/internal/analytics/dashboard/generator.go:419.34,425.4 1 2
github.com/mrz1836/go-coverage/internal/analytics/dashboard/generator.go:427.3,436.5 1 5
github.com/mrz1836/go-coverage/internal/analytics/dashboard/generator.go:438.2,438.15 1 25
github.com/mrz1836/go-coverage/internal/analytics/dashboard/generator.go:442.74,443.23 1 26
github.com/mrz1836/go-coverage/internal/analytics/dashboard/generator.go:443.23,445.3 1 20
github.com/mrz1836/go-coverage/internal/analytics/dashboard/generator.go:447.2,448.16 2 6
github.com/mrz1836/go-coverage/internal/analytics/dashboard/generator.go:448.16,450.3 1 0
github.com/mrz1836/go-coverage/internal/analytics/dashboard/generator.go:451.2,451.21 1 6
github.com/mrz1836/go-coverage/internal/analytics/dashboard/generator.go:455.90,456.24 1 8
github.com/mrz1836/go-coverage/internal/analytics/dashboard/generator.go:456.24,458.3 1 1
github.com/mrz1836/go-coverage/internal/analytics/dashboard/generator.go:460.2,461.50 2 7
github.com/mrz1836/go-coverage/internal/analytics/dashboard/generator.go:461.50,463.3 1 6
github.com/mrz1836/go-coverage/internal/analytics/dashboard/generator.go:463.8,465.3 1 1
github.com/mrz1836/go-coverage/internal/analytics/dashboard/generator.go:467.2,470.28 2 7
github.com/mrz1836/go-coverage/internal/analytics/dashboard/generator.go:470.28,472.3 1 2
github.com/mrz1836/go-coverage/internal/analytics/dashboard/generator.go:473.2,473.26 1 5
github.com/mrz1836/go-coverage/internal/analytics/dashboard/generator.go:473.26,475.3 1 3
github.com/mrz1836/go-coverage/internal/analytics/dashboard/generator.go:476.2,476.82 1 2
github.com/mrz1836/go-coverage/internal/analytics/dashboard/generator.go:480.83,483.52 2 7
github.com/mrz1836/go-coverage/internal/analytics/dashboard/generator.go:483.52,485.3 1 1
github.com/mrz1836/go-coverage/internal/analytics/dashboard/generator.go:488.2,489.16 2 6
github.com/mrz1836/go-coverage/internal/analytics/dashboard/generator.go:489.16,491.3 1 0
github.com/mrz1836/go-coverage/internal/analytics/dashboard/generator.go:494.2,495.78 2 6
github.com/mrz1836/go-coverage/internal/analytics/dashboard/generator.go:495.78,497.3 1 0
github.com/mrz1836/go-coverage/internal/analytics/dashboard/generator.go:500.2,508.16 3 6
github.com/mrz1836/go-coverage/internal/analytics/dashboard/generator.go:508.16,510.3 1 0
github.com/mrz1836/go-coverage/internal/analytics/dashboard/generator.go:512.2,513.82 2 6
github.com/mrz1836/go-coverage/internal/analytics/dashboard/generator.go:513.82,515.3 1 0
github.com/mrz1836/go-coverage/internal/analytics/dashboard/generator.go:521.2,521.12 1 6
github.com/mrz1836/go-coverage/internal/analytics/dashboard/generator.go:525.57,528.2 1 5
github.com/mrz1836/go-coverage/internal/analytics/dashboard/generator.go:536.48,540.2 1 31
github.com/mrz1836/go-coverage/internal/analytics/dashboard/generator.go:543.92,546.37 1 10
github.com/mrz1836/go-coverage/internal/analytics/dashboard/generator.go:546.37,548.4 1 0
github.com/mrz1836/go-coverage/internal/analytics/dashboard/generator.go:554.2,557.49 3 10
github.com/mrz1836/go-coverage/internal/analytics/dashboard/generator.go:557.49,559.3 1 1
github.com/mrz1836/go-coverage/internal/analytics/dashboard/generator.go:561.2,561.26 1 9
github.com/mrz1836/go-coverage/internal/analytics/dashboard/template.go:8.36,299.2 1 10
github.com/mrz1836/go-coverage/internal/analytics/report/generator.go:90.46,95.2 1 18
github.com/mrz1836/go-coverage/internal/analytics/report/generator.go:98.88,100.63 1 11
github.com/mrz1836/go-coverage/internal/analytics/report/generator.go:100.63,102.3 1 1
github.com/mrz1836/go-coverage/internal/analytics/report/generator.go:105.2,109.16 3 10
github.com/mrz1836/go-coverage/internal/analytics/report/generator.go:109.16,111.3 1 0
github.com/mrz1836/go-coverage/internal/analytics/report/generator.go:114.2,115.62 2 10
github.com/mrz1836/go-coverage/internal/analytics/report/generator.go:115.62,117.3 1 1
github.com/mrz1836/go-coverage/internal/analytics/report/generator.go:120.2,120.64 1 9
github.com/mrz1836/go-coverage/internal/analytics/report/generator.go:120.64,122.3 1 0
github.com/mrz1836/go-coverage/internal/analytics/report/generator.go:124.2,124.12 1 9
github.com/mrz1836/go-coverage/internal/analytics/report/generator.go:128.95,133.21 3 15
github.com/mrz1836/go-coverage/internal/analytics/report/generator.go:133.21,138.39 3 13
github.com/mrz1836/go-coverage/internal/analytics/report/generator.go:138.39,140.4 1 24
github.com/mrz1836/go-coverage/internal/analytics/report/generator.go:141.3,144.37 2 13
github.com/mrz1836/go-coverage/internal/analytics/report/generator.go:144.37,150.36 4 24
github.com/mrz1836/go-coverage/internal/analytics/report/generator.go:150.36,152.5 1 25
github.com/mrz1836/go-coverage/internal/analytics/report/generator.go:153.4,156.39 2 24
github.com/mrz1836/go-coverage/internal/analytics/report/generator.go:156.39,161.42 4 25
github.com/mrz1836/go-coverage/internal/analytics/report/generator.go:161.42,164.24 3 62
github.com/mrz1836/go-coverage/internal/analytics/report/generator.go:164.24,166.7 1 38
github.com/mrz1836/go-coverage/internal/analytics/report/generator.go:169.5,173.120 3 25
github.com/mrz1836/go-coverage/internal/analytics/report/generator.go:173.120,178.6 1 19
github.com/mrz1836/go-coverage/internal/analytics/report/generator.go:180.5,188.17 2 25
github.com/mrz1836/go-coverage/internal/analytics/report/generator.go:191.4,197.6 1 24
github.com/mrz1836/go-coverage/internal/analytics/report/generator.go:202.2,203.21 2 15
github.com/mrz1836/go-coverage/internal/analytics/report/generator.go:203.21,212.3 1 13
github.com/mrz1836/go-coverage/internal/analytics/report/generator.go:212.8,221.3 1 2
github.com/mrz1836/go-coverage/internal/analytics/report/generator.go:224.2,225.116 2 15
github.com/mrz1836/go-coverage/internal/analytics/report/generator.go:225.116,228.3 1 12
github.com/mrz1836/go-coverage/internal/analytics/report/generator.go:231.2,232.115 2 15
github.com/mrz1836/go-coverage/internal/analytics/report/generator.go:232.115,235.3 1 0
github.com/mrz1836/go-coverage/internal/analytics/report/generator.go:238.2,239.21 2 15
github.com/mrz1836/go-coverage/internal/analytics/report/generator.go:239.21,240.30 1 15
github.com/mrz1836/go-coverage/internal/analytics/report/generator.go:240.30,242.71 1 0
github.com/mrz1836/go-coverage/internal/analytics/report/generator.go:242.71,244.5 1 0
github.com/mrz1836/go-coverage/internal/analytics/report/generator.go:244.10,244.44 1 0
github.com/mrz1836/go-coverage/internal/analytics/report/generator.go:244.44,246.5 1 0
github.com/mrz1836/go-coverage/internal/analytics/report/generator.go:246.10,248.5 1 0
github.com/mrz1836/go-coverage/internal/analytics/report/generator.go:249.9,251.71 1 15
github.com/mrz1836/go-coverage/internal/analytics/report/generator.go:251.71,253.5 1 13
github.com/mrz1836/go-coverage/internal/analytics/report/generator.go:253.10,253.44 1 2
github.com/mrz1836/go-coverage/internal/analytics/report/generator.go:253.44,255.5 1 0
github.com/mrz1836/go-coverage/internal/analytics/report/generator.go:260.2,261.21 2 15
github.com/mrz1836/go-coverage/internal/analytics/report/generator.go:261.21,267.3 5 15
github.com/mrz1836/go-coverage/internal/analytics/report/generator.go:270.2,271.51 2 15
github.com/mrz1836/go-coverage/internal/analytics/report/generator.go:271.51,274.3 1 13
github.com/mrz1836/go-coverage/internal/analytics/report/generator.go:277.2,278.16 2 15
github.com/mrz1836/go-coverage/internal/analytics/report/generator.go:278.16,280.3 1 0
github.com/mrz1836/go-coverage/internal/analytics/report/generator.go:283.2,284.57 2 15
github.com/mrz1836/go-coverage/internal/analytics/report/generator.go:284.57,286.3 1 7
github.com/mrz1836/go-coverage/internal/analytics/report/generator.go:286.8,288.3 1 8
github.com/mrz1836/go-coverage/internal/analytics/report/generator.go:290.2,310.3 1 15
github.com/mrz1836/go-coverage/internal/analytics/report/generator.go:314.50,318.16 3 15
github.com/mrz1836/go-coverage/internal/analytics/report/generator.go:318.16,321.3 1 15
github.com/mrz1836/go-coverage/internal/analytics/report/generator.go:324.2,325.12 2 0
github.com/mrz1836/go-coverage/internal/analytics/report/renderer.go:18.30,22.2 1 35
github.com/mrz1836/go-coverage/internal/analytics/report/renderer.go:25.78,28.42 1 41
github.com/mrz1836/go-coverage/internal/analytics/report/renderer.go:28.42,30.4 1 0
github.com/mrz1836/go-coverage/internal/analytics/report/renderer.go:32.32,34.4 1 78
github.com/mrz1836/go-coverage/internal/analytics/report/renderer.go:35.49,36.24 1 25
github.com/mrz1836/go-coverage/internal/analytics/report/renderer.go:36.24,38.5 1 0
github.com/mrz1836/go-coverage/internal/analytics/report/renderer.go:39.4,39.21 1 25
github.com/mrz1836/go-coverage/internal/analytics/report/renderer.go:41.33,43.4 1 864
github.com/mrz1836/go-coverage/internal/analytics/report/renderer.go:44.37,46.4 1 0
github.com/mrz1836/go-coverage/internal/analytics/report/renderer.go:47.36,49.4 1 0
github.com/mrz1836/go-coverage/internal/analytics/report/renderer.go:53.2,54.16 2 41
github.com/mrz1836/go-coverage/internal/analytics/report/renderer.go:54.16,56.3 1 0
github.com/mrz1836/go-coverage/internal/analytics/report/renderer.go:59.2,60.48 2 41
github.com/mrz1836/go-coverage/internal/analytics/report/renderer.go:60.48,62.3 1 2
github.com/mrz1836/go-coverage/internal/analytics/report/renderer.go:64.2,64.25 1 39
github.com/mrz1836/go-coverage/internal/analytics/report/renderer.go:68.30,70.19 2 88
github.com/mrz1836/go-coverage/internal/analytics/report/renderer.go:70.19,72.3 1 64
github.com/mrz1836/go-coverage/internal/analytics/report/renderer.go:74.2,75.25 2 24
github.com/mrz1836/go-coverage/internal/analytics/report/renderer.go:75.25,76.35 1 113
github.com/mrz1836/go-coverage/internal/analytics/report/renderer.go:76.35,78.4 1 27
github.com/mrz1836/go-coverage/internal/analytics/report/renderer.go:79.3,79.23 1 113
github.com/mrz1836/go-coverage/internal/analytics/report/renderer.go:81.2,81.24 1 24
github.com/mrz1836/go-coverage/internal/analytics/report/template.go:8.33,230.2 1 172
github.com/mrz1836/go-coverage/internal/config/config.go:34.43,36.24 2 2
github.com/mrz1836/go-coverage/internal/config/config.go:36.24,38.3 1 2
github.com/mrz1836/go-coverage/internal/config/config.go:40.2,41.34 2 2
github.com/mrz1836/go-coverage/internal/config/config.go:41.34,42.46 1 2
github.com/mrz1836/go-coverage/internal/config/config.go:42.46,44.4 1 2
github.com/mrz1836/go-coverage/internal/config/config.go:47.2,47.14 1 0
github.com/mrz1836/go-coverage/internal/config/config.go:199.26,201.72 1 44
github.com/mrz1836/go-coverage/internal/config/config.go:201.72,203.26 2 43
github.com/mrz1836/go-coverage/internal/config/config.go:203.26,205.4 1 6
github.com/mrz1836/go-coverage/internal/config/config.go:206.3,206.12 1 37
github.com/mrz1836/go-coverage/internal/config/config.go:209.2,210.16 2 1
github.com/mrz1836/go-coverage/internal/config/config.go:210.16,212.3 1 0
github.com/mrz1836/go-coverage/internal/config/config.go:214.2,214.6 1 1
github.com/mrz1836/go-coverage/internal/config/config.go:214.6,216.29 2 3
github.com/mrz1836/go-coverage/internal/config/config.go:216.29,218.4 1 1
github.com/mrz1836/go-coverage/internal/config/config.go:220.3,221.20 2 2
github.com/mrz1836/go-coverage/internal/config/config.go:221.20,222.9 1 0
github.com/mrz1836/go-coverage/internal/config/config.go:224.3,224.15 1 2
github.com/mrz1836/go-coverage/internal/config/config.go:227.2,227.11 1 0
github.com/mrz1836/go-coverage/internal/config/config.go:231.39,233.33 2 46
github.com/mrz1836/go-coverage/internal/config/config.go:233.33,235.3 1 38
github.com/mrz1836/go-coverage/internal/config/config.go:237.2,238.16 2 8
github.com/mrz1836/go-coverage/internal/config/config.go:238.16,240.3 1 0
github.com/mrz1836/go-coverage/internal/config/config.go:242.2,242.25 1 8
github.com/mrz1836/go-coverage/internal/config/config.go:248.40,251.72 2 36
github.com/mrz1836/go-coverage/internal/config/config.go:251.72,253.3 1 36
github.com/mrz1836/go-coverage/internal/config/config.go:253.8,256.17 3 0
github.com/mrz1836/go-coverage/internal/config/config.go:256.17,258.4 1 0
github.com/mrz1836/go-coverage/internal/config/config.go:261.2,262.6 2 36
github.com/mrz1836/go-coverage/internal/config/config.go:262.6,264.55 2 72
github.com/mrz1836/go-coverage/internal/config/config.go:264.55,266.4 1 2
github.com/mrz1836/go-coverage/internal/config/config.go:268.3,269.20 2 70
github.com/mrz1836/go-coverage/internal/config/config.go:269.20,270.9 1 34
github.com/mrz1836/go-coverage/internal/config/config.go:272.3,272.15 1 36
github.com/mrz1836/go-coverage/internal/config/config.go:275.2,275.31 1 34
github.com/mrz1836/go-coverage/internal/config/config.go:279.48,281.47 2 2
github.com/mrz1836/go-coverage/internal/config/config.go:281.47,283.3 1 1
github.com/mrz1836/go-coverage/internal/config/config.go:284.2,284.11 1 1
github.com/mrz1836/go-coverage/internal/config/config.go:288.18,290.2 1 9
github.com/mrz1836/go-coverage/internal/config/config.go:296.30,298.42 1 41
github.com/mrz1836/go-coverage/internal/config/config.go:298.42,299.57 1 5
github.com/mrz1836/go-coverage/internal/config/config.go:299.57,301.4 1 0
github.com/mrz1836/go-coverage/internal/config/config.go:302.8,305.17 2 36
github.com/mrz1836/go-coverage/internal/config/config.go:305.17,306.57 1 2
github.com/mrz1836/go-coverage/internal/config/config.go:306.57,308.5 1 0
github.com/mrz1836/go-coverage/internal/config/config.go:309.4,309.67 1 2
github.com/mrz1836/go-coverage/internal/config/config.go:309.67,310.72 1 1
github.com/mrz1836/go-coverage/internal/config/config.go:310.72,312.6 1 0
github.com/mrz1836/go-coverage/internal/config/config.go:318.2,384.20 2 41
github.com/mrz1836/go-coverage/internal/config/config.go:388.35,390.60 1 25
github.com/mrz1836/go-coverage/internal/config/config.go:390.60,392.3 1 4
github.com/mrz1836/go-coverage/internal/config/config.go:396.2,396.32 1 21
github.com/mrz1836/go-coverage/internal/config/config.go:396.32,398.3 1 2
github.com/mrz1836/go-coverage/internal/config/config.go:401.2,401.54 1 19
github.com/mrz1836/go-coverage/internal/config/config.go:401.54,402.27 1 6
github.com/mrz1836/go-coverage/internal/config/config.go:402.27,404.4 1 4
github.com/mrz1836/go-coverage/internal/config/config.go:405.3,405.27 1 2
github.com/mrz1836/go-coverage/internal/config/config.go:405.27,407.4 1 1
github.com/mrz1836/go-coverage/internal/config/config.go:408.3,408.32 1 1
github.com/mrz1836/go-coverage/internal/config/config.go:408.32,410.4 1 1
github.com/mrz1836/go-coverage/internal/config/config.go:414.2,415.43 2 13
github.com/mrz1836/go-coverage/internal/config/config.go:415.43,417.3 1 1
github.com/mrz1836/go-coverage/internal/config/config.go:420.2,421.44 2 12
github.com/mrz1836/go-coverage/internal/config/config.go:421.44,423.3 1 1
github.com/mrz1836/go-coverage/internal/config/config.go:426.2,426.23 1 11
github.com/mrz1836/go-coverage/internal/config/config.go:426.23,427.35 1 2
github.com/mrz1836/go-coverage/internal/config/config.go:427.35,429.4 1 1
github.com/mrz1836/go-coverage/internal/config/config.go:430.3,430.32 1 1
github.com/mrz1836/go-coverage/internal/config/config.go:430.32,432.4 1 1
github.com/mrz1836/go-coverage/internal/config/config.go:435.2,435.12 1 9
github.com/mrz1836/go-coverage/internal/config/config.go:439.41,441.2 1 13
github.com/mrz1836/go-coverage/internal/config/config.go:444.46,446.2 1 8
github.com/mrz1836/go-coverage/internal/config/config.go:449.39,450.55 1 4
github.com/mrz1836/go-coverage/internal/config/config.go:450.55,452.3 1 2
github.com/mrz1836/go-coverage/internal/config/config.go:455.2,458.30 2 2
github.com/mrz1836/go-coverage/internal/config/config.go:458.30,460.3 1 1
github.com/mrz1836/go-coverage/internal/config/config.go:463.2,464.26 2 1
github.com/mrz1836/go-coverage/internal/config/config.go:464.26,467.3 1 1
github.com/mrz1836/go-coverage/internal/config/config.go:470.2,470.66 1 0
github.com/mrz1836/go-coverage/internal/config/config.go:474.40,475.55 1 4
github.com/mrz1836/go-coverage/internal/config/config.go:475.55,477.3 1 2
github.com/mrz1836/go-coverage/internal/config/config.go:480.2,483.30 2 2
github.com/mrz1836/go-coverage/internal/config/config.go:483.30,485.3 1 1
github.com/mrz1836/go-coverage/internal/config/config.go:488.2,489.26 2 1
github.com/mrz1836/go-coverage/internal/config/config.go:489.26,492.3 1 1
github.com/mrz1836/go-coverage/internal/config/config.go:495.2,495.75 1 0
github.com/mrz1836/go-coverage/internal/config/config.go:499.44,502.58 1 6
github.com/mrz1836/go-coverage/internal/config/config.go:502.58,504.3 1 1
github.com/mrz1836/go-coverage/internal/config/config.go:505.2,505.58 1 5
github.com/mrz1836/go-coverage/internal/config/config.go:505.58,507.3 1 3
github.com/mrz1836/go-coverage/internal/config/config.go:508.2,508.47 1 2
github.com/mrz1836/go-coverage/internal/config/config.go:508.47,510.44 1 1
github.com/mrz1836/go-coverage/internal/config/config.go:510.44,512.4 1 1
github.com/mrz1836/go-coverage/internal/config/config.go:516.2,516.50 1 1
github.com/mrz1836/go-coverage/internal/config/config.go:516.50,518.3 1 1
github.com/mrz1836/go-coverage/internal/config/config.go:522.2,522.17 1 0
github.com/mrz1836/go-coverage/internal/config/config.go:526.44,528.2 1 4
github.com/mrz1836/go-coverage/internal/config/config.go:531.54,534.16 2 11
github.com/mrz1836/go-coverage/internal/config/config.go:534.16,536.3 1 0
github.com/mrz1836/go-coverage/internal/config/config.go:539.2,539.70 1 11
github.com/mrz1836/go-coverage/internal/config/config.go:539.70,541.3 1 6
github.com/mrz1836/go-coverage/internal/config/config.go:544.2,544.56 1 5
github.com/mrz1836/go-coverage/internal/config/config.go:544.56,546.3 1 2
github.com/mrz1836/go-coverage/internal/config/config.go:549.2,551.118 2 3
github.com/mrz1836/go-coverage/internal/config/config.go:551.118,554.3 1 1
github.com/mrz1836/go-coverage/internal/config/config.go:554.8,555.155 1 2
github.com/mrz1836/go-coverage/internal/config/config.go:555.155,558.3 1 0
github.com/mrz1836/go-coverage/internal/config/config.go:560.2,560.20 1 3
github.com/mrz1836/go-coverage/internal/config/config.go:560.20,561.57 1 1
github.com/mrz1836/go-coverage/internal/config/config.go:561.57,563.69 1 1
github.com/mrz1836/go-coverage/internal/config/config.go:563.69,565.5 1 0
github.com/mrz1836/go-coverage/internal/config/config.go:567.4,567.23 1 1
github.com/mrz1836/go-coverage/internal/config/config.go:572.2,572.24 1 2
github.com/mrz1836/go-coverage/internal/config/config.go:576.46,580.105 2 5
github.com/mrz1836/go-coverage/internal/config/config.go:580.105,582.21 2 2
github.com/mrz1836/go-coverage/internal/config/config.go:582.21,584.4 1 2
github.com/mrz1836/go-coverage/internal/config/config.go:587.2,587.11 1 3
github.com/mrz1836/go-coverage/internal/config/config.go:591.62,595.33 2 8
github.com/mrz1836/go-coverage/internal/config/config.go:595.33,597.3 1 2
github.com/mrz1836/go-coverage/internal/config/config.go:600.2,601.16 2 6
github.com/mrz1836/go-coverage/internal/config/config.go:601.16,603.3 1 0
github.com/mrz1836/go-coverage/internal/config/config.go:606.2,608.16 3 6
github.com/mrz1836/go-coverage/internal/config/config.go:608.16,610.3 1 0
github.com/mrz1836/go-coverage/internal/config/config.go:612.2,612.21 1 6
github.com/mrz1836/go-coverage/internal/config/config.go:616.44,620.110 2 2
github.com/mrz1836/go-coverage/internal/config/config.go:620.110,623.39 2 2
github.com/mrz1836/go-coverage/internal/config/config.go:623.39,625.4 1 2
github.com/mrz1836/go-coverage/internal/config/config.go:629.2,629.101 1 0
github.com/mrz1836/go-coverage/internal/config/config.go:629.101,631.19 2 0
github.com/mrz1836/go-coverage/internal/config/config.go:631.19,633.4 1 0
github.com/mrz1836/go-coverage/internal/config/config.go:637.2,637.11 1 0
github.com/mrz1836/go-coverage/internal/config/config.go:642.52,643.42 1 740
github.com/mrz1836/go-coverage/internal/config/config.go:643.42,645.3 1 24
github.com/mrz1836/go-coverage/internal/config/config.go:646.2,646.21 1 716
github.com/mrz1836/go-coverage/internal/config/config.go:649.50,650.42 1 167
github.com/mrz1836/go-coverage/internal/config/config.go:650.42,651.53 1 8
github.com/mrz1836/go-coverage/internal/config/config.go:651.53,653.4 1 6
github.com/mrz1836/go-coverage/internal/config/config.go:655.2,655.21 1 161
github.com/mrz1836/go-coverage/internal/config/config.go:659.80,665.18 2 82
github.com/mrz1836/go-coverage/internal/config/config.go:665.18,667.3 1 0
github.com/mrz1836/go-coverage/internal/config/config.go:668.2,668.44 1 82
github.com/mrz1836/go-coverage/internal/config/config.go:668.44,670.3 1 0
github.com/mrz1836/go-coverage/internal/config/config.go:671.2,671.25 1 82
github.com/mrz1836/go-coverage/internal/config/config.go:671.25,674.3 2 0
github.com/mrz1836/go-coverage/internal/config/config.go:677.2,680.48 2 82
github.com/mrz1836/go-coverage/internal/config/config.go:680.48,682.101 1 2
github.com/mrz1836/go-coverage/internal/config/config.go:682.101,684.4 1 2
github.com/mrz1836/go-coverage/internal/config/config.go:688.2,688.22 1 82
github.com/mrz1836/go-coverage/internal/config/config.go:688.22,690.3 1 0
github.com/mrz1836/go-coverage/internal/config/config.go:690.8,690.29 1 82
github.com/mrz1836/go-coverage/internal/config/config.go:690.29,692.3 1 0
github.com/mrz1836/go-coverage/internal/config/config.go:696.2,696.15 1 82
github.com/mrz1836/go-coverage/internal/config/config.go:696.15,698.3 1 0
github.com/mrz1836/go-coverage/internal/config/config.go:700.2,700.22 1 82
github.com/mrz1836/go-coverage/internal/config/config.go:703.60,704.42 1 44
github.com/mrz1836/go-coverage/internal/config/config.go:704.42,705.63 1 25
github.com/mrz1836/go-coverage/internal/config/config.go:705.63,707.4 1 23
github.com/mrz1836/go-coverage/internal/config/config.go:709.2,709.21 1 21
github.com/mrz1836/go-coverage/internal/config/config.go:712.53,713.42 1 672
github.com/mrz1836/go-coverage/internal/config/config.go:713.42,714.33 1 27
github.com/mrz1836/go-coverage/internal/config/config.go:715.33,716.15 1 8
github.com/mrz1836/go-coverage/internal/config/config.go:717.34,718.16 1 18
github.com/mrz1836/go-coverage/internal/config/config.go:721.2,721.21 1 646
github.com/mrz1836/go-coverage/internal/config/config.go:724.75,725.42 1 126
github.com/mrz1836/go-coverage/internal/config/config.go:725.42,726.59 1 3
github.com/mrz1836/go-coverage/internal/config/config.go:726.59,728.4 1 2
github.com/mrz1836/go-coverage/internal/config/config.go:730.2,730.21 1 124
github.com/mrz1836/go-coverage/internal/config/config.go:733.68,734.42 1 85
github.com/mrz1836/go-coverage/internal/config/config.go:734.42,736.3 1 4
github.com/mrz1836/go-coverage/internal/config/config.go:737.2,737.21 1 81
github.com/mrz1836/go-coverage/internal/config/config.go:740.36,742.56 1 45
github.com/mrz1836/go-coverage/internal/config/config.go:742.56,744.22 2 18
github.com/mrz1836/go-coverage/internal/config/config.go:744.22,746.4 1 15
github.com/mrz1836/go-coverage/internal/config/config.go:748.2,748.11 1 30
github.com/mrz1836/go-coverage/internal/config/config.go:751.49,753.2 1 29
github.com/mrz1836/go-coverage/internal/envfile/envfile.go:22.34,24.2 1 5
github.com/mrz1836/go-coverage/internal/envfile/envfile.go:27.38,29.2 1 15
github.com/mrz1836/go-coverage/internal/envfile/envfile.go:34.52,36.16 2 9
github.com/mrz1836/go-coverage/internal/envfile/envfile.go:36.16,38.3 1 1
github.com/mrz1836/go-coverage/internal/envfile/envfile.go:39.2,39.19 1 8
github.com/mrz1836/go-coverage/internal/envfile/envfile.go:39.19,41.3 1 1
github.com/mrz1836/go-coverage/internal/envfile/envfile.go:43.2,45.16 3 7
github.com/mrz1836/go-coverage/internal/envfile/envfile.go:45.16,47.3 1 0
github.com/mrz1836/go-coverage/internal/envfile/envfile.go:49.2,49.23 1 7
github.com/mrz1836/go-coverage/internal/envfile/envfile.go:49.23,51.3 1 1
github.com/mrz1836/go-coverage/internal/envfile/envfile.go:53.2,55.31 2 6
github.com/mrz1836/go-coverage/internal/envfile/envfile.go:55.31,56.57 1 13
github.com/mrz1836/go-coverage/internal/envfile/envfile.go:56.57,57.12 1 1
github.com/mrz1836/go-coverage/internal/envfile/envfile.go:59.3,59.40 1 12
github.com/mrz1836/go-coverage/internal/envfile/envfile.go:59.40,61.4 1 0
github.com/mrz1836/go-coverage/internal/envfile/envfile.go:64.2,64.12 1 6
github.com/mrz1836/go-coverage/internal/envfile/envfile.go:69.53,71.16 2 20
github.com/mrz1836/go-coverage/internal/envfile/envfile.go:71.16,73.3 1 1
github.com/mrz1836/go-coverage/internal/envfile/envfile.go:75.2,77.33 2 19
github.com/mrz1836/go-coverage/internal/envfile/envfile.go:77.33,78.15 1 24
github.com/mrz1836/go-coverage/internal/envfile/envfile.go:78.15,79.48 1 19
github.com/mrz1836/go-coverage/internal/envfile/envfile.go:79.48,81.5 1 0
github.com/mrz1836/go-coverage/internal/envfile/envfile.go:82.9,83.47 1 5
github.com/mrz1836/go-coverage/internal/envfile/envfile.go:83.47,84.49 1 4
github.com/mrz1836/go-coverage/internal/envfile/envfile.go:84.49,86.6 1 0
github.com/mrz1836/go-coverage/internal/envfile/envfile.go:91.2,91.12 1 19
github.com/mrz1836/go-coverage/internal/envfile/envfile.go:95.46,99.29 3 27
github.com/mrz1836/go-coverage/internal/envfile/envfile.go:99.29,103.49 2 80
github.com/mrz1836/go-coverage/internal/envfile/envfile.go:103.49,104.12 1 27
github.com/mrz1836/go-coverage/internal/envfile/envfile.go:108.3,109.18 2 53
github.com/mrz1836/go-coverage/internal/envfile/envfile.go:109.18,110.12 1 1
github.com/mrz1836/go-coverage/internal/envfile/envfile.go:113.3,114.16 2 52
github.com/mrz1836/go-coverage/internal/envfile/envfile.go:114.16,115.12 1 1
github.com/mrz1836/go-coverage/internal/envfile/envfile.go:119.3,125.22 5 51
github.com/mrz1836/go-coverage/internal/envfile/envfile.go:128.2,128.15 1 27
github.com/mrz1836/go-coverage/internal/envfile/envfile.go:132.40,135.21 2 61
github.com/mrz1836/go-coverage/internal/envfile/envfile.go:135.21,137.3 1 1
github.com/mrz1836/go-coverage/internal/envfile/envfile.go:140.2,140.70 1 60
github.com/mrz1836/go-coverage/internal/envfile/envfile.go:140.70,142.3 1 4
github.com/mrz1836/go-coverage/internal/envfile/envfile.go:145.2,145.72 1 56
github.com/mrz1836/go-coverage/internal/envfile/envfile.go:145.72,147.3 1 2
github.com/mrz1836/go-coverage/internal/envfile/envfile.go:150.2,150.49 1 54
github.com/mrz1836/go-coverage/internal/envfile/envfile.go:150.49,152.3 1 2
github.com/mrz1836/go-coverage/internal/envfile/envfile.go:153.2,153.50 1 54
github.com/mrz1836/go-coverage/internal/envfile/envfile.go:153.50,155.3 1 2
github.com/mrz1836/go-coverage/internal/envfile/envfile.go:157.2,157.14 1 54
github.com/mrz1836/go-coverage/internal/badge/generator.go:80.23,98.2 1 162
github.com/mrz1836/go-coverage/internal/badge/generator.go:101.47,107.2 1 16
github.com/mrz1836/go-coverage/internal/badge/generator.go:110.36,111.25 1 272
github.com/mrz1836/go-coverage/internal/badge/generator.go:111.25,113.3 1 272
github.com/mrz1836/go-coverage/internal/badge/generator.go:115.2,115.38 1 0
github.com/mrz1836/go-coverage/internal/badge/generator.go:119.106,128.30 2 43
github.com/mrz1836/go-coverage/internal/badge/generator.go:128.30,130.3 1 27
github.com/mrz1836/go-coverage/internal/badge/generator.go:132.2,145.36 4 43
github.com/mrz1836/go-coverage/internal/badge/generator.go:149.123,154.9 4 25
github.com/mrz1836/go-coverage/internal/badge/generator.go:155.18,157.40 2 7
github.com/mrz1836/go-coverage/internal/badge/generator.go:158.19,160.34 2 7
github.com/mrz1836/go-coverage/internal/badge/generator.go:161.10,163.20 2 11
github.com/mrz1836/go-coverage/internal/badge/generator.go:166.2,171.30 2 25
github.com/mrz1836/go-coverage/internal/badge/generator.go:171.30,173.3 1 0
github.com/mrz1836/go-coverage/internal/badge/generator.go:175.2,185.36 2 25
github.com/mrz1836/go-coverage/internal/badge/generator.go:189.70,190.9 1 100
github.com/mrz1836/go-coverage/internal/badge/generator.go:191.56,192.19 1 28
github.com/mrz1836/go-coverage/internal/badge/generator.go:193.51,194.24 1 20
github.com/mrz1836/go-coverage/internal/badge/generator.go:195.57,196.19 1 10
github.com/mrz1836/go-coverage/internal/badge/generator.go:197.50,198.19 1 4
github.com/mrz1836/go-coverage/internal/badge/generator.go:199.10,200.19 1 38
github.com/mrz1836/go-coverage/internal/badge/generator.go:205.56,206.14 1 43
github.com/mrz1836/go-coverage/internal/badge/generator.go:207.19,208.19 1 9
github.com/mrz1836/go-coverage/internal/badge/generator.go:209.14,210.24 1 2
github.com/mrz1836/go-coverage/internal/badge/generator.go:211.20,212.19 1 2
github.com/mrz1836/go-coverage/internal/badge/generator.go:213.13,214.19 1 9
github.com/mrz1836/go-coverage/internal/badge/generator.go:215.14,216.19 1 2
github.com/mrz1836/go-coverage/internal/badge/generator.go:217.10,218.19 1 19
github.com/mrz1836/go-coverage/internal/badge/generator.go:223.81,224.31 1 101
github.com/mrz1836/go-coverage/internal/badge/generator.go:225.17,227.322 1 8
github.com/mrz1836/go-coverage/internal/badge/generator.go:228.10,230.12 1 61
github.com/mrz1836/go-coverage/internal/badge/generator.go:231.10,233.74 1 32
github.com/mrz1836/go-coverage/internal/badge/generator.go:233.74,235.4 1 9
github.com/mrz1836/go-coverage/internal/badge/generator.go:239.3,240.38 2 23
github.com/mrz1836/go-coverage/internal/badge/generator.go:240.38,244.18 2 8
github.com/mrz1836/go-coverage/internal/badge/generator.go:244.18,254.5 2 0
github.com/mrz1836/go-coverage/internal/badge/generator.go:257.4,261.84 3 8
github.com/mrz1836/go-coverage/internal/badge/generator.go:261.84,263.5 1 4
github.com/mrz1836/go-coverage/internal/badge/generator.go:263.10,265.5 1 4
github.com/mrz1836/go-coverage/internal/badge/generator.go:268.4,268.19 1 4
github.com/mrz1836/go-coverage/internal/badge/generator.go:268.19,270.82 2 1
github.com/mrz1836/go-coverage/internal/badge/generator.go:270.82,273.6 2 0
github.com/mrz1836/go-coverage/internal/badge/generator.go:273.11,275.6 1 1
github.com/mrz1836/go-coverage/internal/badge/generator.go:279.4,280.13 2 4
github.com/mrz1836/go-coverage/internal/badge/generator.go:283.3,284.12 2 15
github.com/mrz1836/go-coverage/internal/badge/generator.go:290.46,292.38 1 38
github.com/mrz1836/go-coverage/internal/badge/generator.go:292.38,294.3 1 0
github.com/mrz1836/go-coverage/internal/badge/generator.go:297.2,297.25 1 38
github.com/mrz1836/go-coverage/internal/badge/generator.go:297.25,298.63 1 201
github.com/mrz1836/go-coverage/internal/badge/generator.go:298.63,300.4 1 26
github.com/mrz1836/go-coverage/internal/badge/generator.go:304.2,305.89 2 12
github.com/mrz1836/go-coverage/internal/badge/generator.go:309.68,311.17 1 14
github.com/mrz1836/go-coverage/internal/badge/generator.go:311.17,313.3 1 2
github.com/mrz1836/go-coverage/internal/badge/generator.go:316.2,316.63 1 12
github.com/mrz1836/go-coverage/internal/badge/generator.go:316.63,318.51 1 3
github.com/mrz1836/go-coverage/internal/badge/generator.go:318.51,322.4 1 1
github.com/mrz1836/go-coverage/internal/badge/generator.go:323.3,323.17 1 2
github.com/mrz1836/go-coverage/internal/badge/generator.go:327.2,329.16 3 9
github.com/mrz1836/go-coverage/internal/badge/generator.go:329.16,331.3 1 0
github.com/mrz1836/go-coverage/internal/badge/generator.go:333.2,340.49 4 9
github.com/mrz1836/go-coverage/internal/badge/generator.go:344.68,349.45 2 13
github.com/mrz1836/go-coverage/internal/badge/generator.go:349.45,361.97 3 10
github.com/mrz1836/go-coverage/internal/badge/generator.go:361.97,364.19 2 0
github.com/mrz1836/go-coverage/internal/badge/generator.go:364.19,366.18 2 0
github.com/mrz1836/go-coverage/internal/badge/generator.go:366.18,370.6 3 0
github.com/mrz1836/go-coverage/internal/badge/generator.go:373.8,377.22 2 3
github.com/mrz1836/go-coverage/internal/badge/generator.go:377.22,380.4 1 3
github.com/mrz1836/go-coverage/internal/badge/generator.go:383.2,383.20 1 13
github.com/mrz1836/go-coverage/internal/badge/generator.go:387.59,392.45 2 5
github.com/mrz1836/go-coverage/internal/badge/generator.go:392.45,404.97 3 4
github.com/mrz1836/go-coverage/internal/badge/generator.go:404.97,407.19 2 1
github.com/mrz1836/go-coverage/internal/badge/generator.go:407.19,409.18 2 1
github.com/mrz1836/go-coverage/internal/badge/generator.go:409.18,413.6 3 1
github.com/mrz1836/go-coverage/internal/badge/generator.go:416.8,420.22 2 1
github.com/mrz1836/go-coverage/internal/badge/generator.go:420.22,423.4 1 1
github.com/mrz1836/go-coverage/internal/badge/generator.go:426.2,426.20 1 5
github.com/mrz1836/go-coverage/internal/badge/generator.go:430.118,433.17 2 9
github.com/mrz1836/go-coverage/internal/badge/generator.go:433.17,437.3 2 3
github.com/mrz1836/go-coverage/internal/badge/generator.go:437.8,439.3 1 6
github.com/mrz1836/go-coverage/internal/badge/generator.go:442.2,447.34 5 9
github.com/mrz1836/go-coverage/internal/badge/generator.go:447.34,449.95 1 14
github.com/mrz1836/go-coverage/internal/badge/generator.go:449.95,452.4 2 0
github.com/mrz1836/go-coverage/internal/badge/generator.go:455.3,456.26 2 14
github.com/mrz1836/go-coverage/internal/badge/generator.go:456.26,458.4 1 1
github.com/mrz1836/go-coverage/internal/badge/generator.go:458.9,462.4 1 13
github.com/mrz1836/go-coverage/internal/badge/generator.go:465.3,466.17 2 14
github.com/mrz1836/go-coverage/internal/badge/generator.go:466.17,468.12 2 0
github.com/mrz1836/go-coverage/internal/badge/generator.go:472.3,476.17 3 14
github.com/mrz1836/go-coverage/internal/badge/generator.go:476.17,479.96 2 0
github.com/mrz1836/go-coverage/internal/badge/generator.go:479.96,482.5 2 0
github.com/mrz1836/go-coverage/internal/badge/generator.go:484.4,484.30 1 0
github.com/mrz1836/go-coverage/internal/badge/generator.go:484.30,488.5 3 0
github.com/mrz1836/go-coverage/internal/badge/generator.go:489.4,489.12 1 0
github.com/mrz1836/go-coverage/internal/badge/generator.go:493.3,493.39 1 14
github.com/mrz1836/go-coverage/internal/badge/generator.go:493.39,497.30 3 10
github.com/mrz1836/go-coverage/internal/badge/generator.go:497.30,501.5 3 5
github.com/mrz1836/go-coverage/internal/badge/generator.go:502.4,502.12 1 10
github.com/mrz1836/go-coverage/internal/badge/generator.go:506.3,508.17 3 4
github.com/mrz1836/go-coverage/internal/badge/generator.go:508.17,511.30 2 0
github.com/mrz1836/go-coverage/internal/badge/generator.go:511.30,515.5 3 0
github.com/mrz1836/go-coverage/internal/badge/generator.go:516.4,516.12 1 0
github.com/mrz1836/go-coverage/internal/badge/generator.go:520.3,521.18 2 4
github.com/mrz1836/go-coverage/internal/badge/generator.go:521.18,524.4 1 2
github.com/mrz1836/go-coverage/internal/badge/generator.go:525.3,526.59 2 4
github.com/mrz1836/go-coverage/internal/badge/generator.go:530.2,530.35 1 5
github.com/mrz1836/go-coverage/internal/badge/generator.go:530.35,533.3 2 0
github.com/mrz1836/go-coverage/internal/badge/generator.go:535.2,537.34 3 5
github.com/mrz1836/go-coverage/internal/badge/generator.go:537.34,539.95 1 10
github.com/mrz1836/go-coverage/internal/badge/generator.go:539.95,542.4 2 0
github.com/mrz1836/go-coverage/internal/badge/generator.go:545.3,546.26 2 10
github.com/mrz1836/go-coverage/internal/badge/generator.go:546.26,548.4 1 0
github.com/mrz1836/go-coverage/internal/badge/generator.go:548.9,550.4 1 10
github.com/mrz1836/go-coverage/internal/badge/generator.go:551.3,552.17 2 10
github.com/mrz1836/go-coverage/internal/badge/generator.go:552.17,554.12 2 0
github.com/mrz1836/go-coverage/internal/badge/generator.go:557.3,560.17 3 10
github.com/mrz1836/go-coverage/internal/badge/generator.go:560.17,563.96 2 0
github.com/mrz1836/go-coverage/internal/badge/generator.go:563.96,566.5 2 0
github.com/mrz1836/go-coverage/internal/badge/generator.go:567.4,567.30 1 0
github.com/mrz1836/go-coverage/internal/badge/generator.go:567.30,571.5 3 0
github.com/mrz1836/go-coverage/internal/badge/generator.go:572.4,572.12 1 0
github.com/mrz1836/go-coverage/internal/badge/generator.go:575.3,575.39 1 10
github.com/mrz1836/go-coverage/internal/badge/generator.go:575.39,578.30 3 10
github.com/mrz1836/go-coverage/internal/badge/generator.go:578.30,582.5 3 5
github.com/mrz1836/go-coverage/internal/badge/generator.go:583.4,583.12 1 10
github.com/mrz1836/go-coverage/internal/badge/generator.go:586.3,588.17 3 0
github.com/mrz1836/go-coverage/internal/badge/generator.go:588.17,590.30 2 0
github.com/mrz1836/go-coverage/internal/badge/generator.go:590.30,594.5 3 0
github.com/mrz1836/go-coverage/internal/badge/generator.go:595.4,595.12 1 0
github.com/mrz1836/go-coverage/internal/badge/generator.go:599.3,600.18 2 0
github.com/mrz1836/go-coverage/internal/badge/generator.go:600.18,603.4 1 0
github.com/mrz1836/go-coverage/internal/badge/generator.go:604.3,605.59 2 0
github.com/mrz1836/go-coverage/internal/badge/generator.go:609.2,609.92 1 5
github.com/mrz1836/go-coverage/internal/badge/generator.go:613.79,614.9 1 71
github.com/mrz1836/go-coverage/internal/badge/generator.go:615.20,616.24 1 1
github.com/mrz1836/go-coverage/internal/badge/generator.go:617.10,617.10 0 70
github.com/mrz1836/go-coverage/internal/badge/generator.go:621.2,624.21 4 70
github.com/mrz1836/go-coverage/internal/badge/generator.go:624.21,626.3 1 6
github.com/mrz1836/go-coverage/internal/badge/generator.go:628.2,632.20 3 70
github.com/mrz1836/go-coverage/internal/badge/generator.go:633.21,634.101 1 3
github.com/mrz1836/go-coverage/internal/badge/generator.go:635.23,636.99 1 1
github.com/mrz1836/go-coverage/internal/badge/generator.go:637.10,638.87 1 66
github.com/mrz1836/go-coverage/internal/badge/generator.go:643.103,672.21 6 68
github.com/mrz1836/go-coverage/internal/badge/generator.go:672.21,676.3 2 5
github.com/mrz1836/go-coverage/internal/badge/generator.go:678.2,690.4 1 68
github.com/mrz1836/go-coverage/internal/badge/generator.go:694.117,712.21 5 4
github.com/mrz1836/go-coverage/internal/badge/generator.go:712.21,716.3 2 2
github.com/mrz1836/go-coverage/internal/badge/generator.go:718.2,726.4 1 4
github.com/mrz1836/go-coverage/internal/badge/generator.go:730.113,748.21 5 2
github.com/mrz1836/go-coverage/internal/badge/generator.go:748.21,752.3 2 0
github.com/mrz1836/go-coverage/internal/badge/generator.go:755.2,766.4 3 2
github.com/mrz1836/go-coverage/internal/badge/generator.go:770.57,773.2 1 160
github.com/mrz1836/go-coverage/internal/badge/generator.go:787.37,788.29 1 7
github.com/mrz1836/go-coverage/internal/badge/generator.go:788.29,790.3 1 7
github.com/mrz1836/go-coverage/internal/badge/generator.go:794.37,795.29 1 7
github.com/mrz1836/go-coverage/internal/badge/generator.go:795.29,797.3 1 7
github.com/mrz1836/go-coverage/internal/badge/generator.go:801.35,802.29 1 11
github.com/mrz1836/go-coverage/internal/badge/generator.go:802.29,804.3 1 11
github.com/mrz1836/go-coverage/internal/badge/generator.go:808.41,809.29 1 6
github.com/mrz1836/go-coverage/internal/badge/generator.go:809.29,811.3 1 6
github.com/mrz1836/go-coverage/cmd/go-coverage/cmd/commands.go:30.49,63.2 12 78
github.com/mrz1836/go-coverage/cmd/go-coverage/cmd/commands.go:66.36,68.2 1 2
github.com/mrz1836/go-coverage/cmd/go-coverage/cmd/commands.go:71.48,89.2 5 78
github.com/mrz1836/go-coverage/cmd/go-coverage/cmd/comment.go:33.51,46.52 1 89
github.com/mrz1836/go-coverage/cmd/go-coverage/cmd/comment.go:46.52,62.18 13 13
github.com/mrz1836/go-coverage/cmd/go-coverage/cmd/comment.go:62.18,64.5 1 0
github.com/mrz1836/go-coverage/cmd/go-coverage/cmd/comment.go:67.4,67.30 1 13
github.com/mrz1836/go-coverage/cmd/go-coverage/cmd/comment.go:67.30,69.5 1 2
github.com/mrz1836/go-coverage/cmd/go-coverage/cmd/comment.go:70.4,70.30 1 11
github.com/mrz1836/go-coverage/cmd/go-coverage/cmd/comment.go:70.30,72.5 1 1
github.com/mrz1836/go-coverage/cmd/go-coverage/cmd/comment.go:73.4,73.35 1 10
github.com/mrz1836/go-coverage/cmd/go-coverage/cmd/comment.go:73.35,75.5 1 1
github.com/mrz1836/go-coverage/cmd/go-coverage/cmd/comment.go:78.4,78.21 1 9
github.com/mrz1836/go-coverage/cmd/go-coverage/cmd/comment.go:78.21,80.5 1 2
github.com/mrz1836/go-coverage/cmd/go-coverage/cmd/comment.go:81.4,81.21 1 9
github.com/mrz1836/go-coverage/cmd/go-coverage/cmd/comment.go:81.21,83.5 1 2
github.com/mrz1836/go-coverage/cmd/go-coverage/cmd/comment.go:86.4,86.23 1 7
github.com/mrz1836/go-coverage/cmd/go-coverage/cmd/comment.go:86.23,88.5 1 1
github.com/mrz1836/go-coverage/cmd/go-coverage/cmd/comment.go:89.4,89.22 1 7
github.com/mrz1836/go-coverage/cmd/go-coverage/cmd/comment.go:89.22,91.5 1 6
github.com/mrz1836/go-coverage/cmd/go-coverage/cmd/comment.go:92.4,92.23 1 7
github.com/mrz1836/go-coverage/cmd/go-coverage/cmd/comment.go:92.23,94.5 1 6
github.com/mrz1836/go-coverage/cmd/go-coverage/cmd/comment.go:98.4,103.18 5 7
github.com/mrz1836/go-coverage/cmd/go-coverage/cmd/comment.go:103.18,105.5 1 2
github.com/mrz1836/go-coverage/cmd/go-coverage/cmd/comment.go:108.4,109.30 2 5
github.com/mrz1836/go-coverage/cmd/go-coverage/cmd/comment.go:109.30,111.19 2 0
github.com/mrz1836/go-coverage/cmd/go-coverage/cmd/comment.go:111.19,114.6 2 0
github.com/mrz1836/go-coverage/cmd/go-coverage/cmd/comment.go:118.4,119.27 2 5
github.com/mrz1836/go-coverage/cmd/go-coverage/cmd/comment.go:119.27,131.21 4 5
github.com/mrz1836/go-coverage/cmd/go-coverage/cmd/comment.go:131.21,133.6 1 5
github.com/mrz1836/go-coverage/cmd/go-coverage/cmd/comment.go:135.5,135.83 1 5
github.com/mrz1836/go-coverage/cmd/go-coverage/cmd/comment.go:135.83,136.58 1 0
github.com/mrz1836/go-coverage/cmd/go-coverage/cmd/comment.go:136.58,138.7 1 0
github.com/mrz1836/go-coverage/cmd/go-coverage/cmd/comment.go:138.12,138.65 1 0
github.com/mrz1836/go-coverage/cmd/go-coverage/cmd/comment.go:138.65,140.7 1 0
github.com/mrz1836/go-coverage/cmd/go-coverage/cmd/comment.go:145.4,156.22 4 5
github.com/mrz1836/go-coverage/cmd/go-coverage/cmd/comment.go:156.22,158.23 2 3
github.com/mrz1836/go-coverage/cmd/go-coverage/cmd/comment.go:158.23,160.6 1 3
github.com/mrz1836/go-coverage/cmd/go-coverage/cmd/comment.go:160.11,163.6 2 0
github.com/mrz1836/go-coverage/cmd/go-coverage/cmd/comment.go:167.4,182.16 2 5
github.com/mrz1836/go-coverage/cmd/go-coverage/cmd/comment.go:182.16,185.5 2 4
github.com/mrz1836/go-coverage/cmd/go-coverage/cmd/comment.go:187.4,191.45 3 5
github.com/mrz1836/go-coverage/cmd/go-coverage/cmd/comment.go:191.45,199.23 5 0
github.com/mrz1836/go-coverage/cmd/go-coverage/cmd/comment.go:199.23,201.6 1 0
github.com/mrz1836/go-coverage/cmd/go-coverage/cmd/comment.go:201.11,226.6 1 0
github.com/mrz1836/go-coverage/cmd/go-coverage/cmd/comment.go:230.4,230.25 1 5
github.com/mrz1836/go-coverage/cmd/go-coverage/cmd/comment.go:230.25,260.5 1 5
github.com/mrz1836/go-coverage/cmd/go-coverage/cmd/comment.go:263.4,279.24 4 5
github.com/mrz1836/go-coverage/cmd/go-coverage/cmd/comment.go:279.24,281.5 1 0
github.com/mrz1836/go-coverage/cmd/go-coverage/cmd/comment.go:283.4,283.14 1 5
github.com/mrz1836/go-coverage/cmd/go-coverage/cmd/comment.go:283.14,291.47 7 5
github.com/mrz1836/go-coverage/cmd/go-coverage/cmd/comment.go:291.47,294.6 2 0
github.com/mrz1836/go-coverage/cmd/go-coverage/cmd/comment.go:295.5,305.15 10 5
github.com/mrz1836/go-coverage/cmd/go-coverage/cmd/comment.go:309.4,313.18 4 0
github.com/mrz1836/go-coverage/cmd/go-coverage/cmd/comment.go:313.18,315.5 1 0
github.com/mrz1836/go-coverage/cmd/go-coverage/cmd/comment.go:317.4,320.46 4 0
github.com/mrz1836/go-coverage/cmd/go-coverage/cmd/comment.go:320.46,322.5 1 0
github.com/mrz1836/go-coverage/cmd/go-coverage/cmd/comment.go:323.4,326.50 2 0
github.com/mrz1836/go-coverage/cmd/go-coverage/cmd/comment.go:326.50,379.19 4 0
github.com/mrz1836/go-coverage/cmd/go-coverage/cmd/comment.go:379.19,381.6 1 0
github.com/mrz1836/go-coverage/cmd/go-coverage/cmd/comment.go:381.11,385.33 3 0
github.com/mrz1836/go-coverage/cmd/go-coverage/cmd/comment.go:385.33,387.7 1 0
github.com/mrz1836/go-coverage/cmd/go-coverage/cmd/comment.go:388.6,388.46 1 0
github.com/mrz1836/go-coverage/cmd/go-coverage/cmd/comment.go:388.46,390.7 1 0
github.com/mrz1836/go-coverage/cmd/go-coverage/cmd/comment.go:394.4,394.14 1 0
github.com/mrz1836/go-coverage/cmd/go-coverage/cmd/comment.go:399.2,411.12 12 89
github.com/mrz1836/go-coverage/cmd/go-coverage/cmd/comment.go:416.108,438.2 1 1
github.com/mrz1836/go-coverage/cmd/go-coverage/cmd/comment.go:440.70,447.2 1 3
github.com/mrz1836/go-coverage/cmd/go-coverage/cmd/comment.go:449.84,451.33 2 2
github.com/mrz1836/go-coverage/cmd/go-coverage/cmd/comment.go:451.33,461.3 1 2
github.com/mrz1836/go-coverage/cmd/go-coverage/cmd/comment.go:462.2,462.20 1 2
github.com/mrz1836/go-coverage/cmd/go-coverage/cmd/comment.go:465.78,467.33 2 2
github.com/mrz1836/go-coverage/cmd/go-coverage/cmd/comment.go:467.33,468.27 1 4
github.com/mrz1836/go-coverage/cmd/go-coverage/cmd/comment.go:468.27,470.4 1 2
github.com/mrz1836/go-coverage/cmd/go-coverage/cmd/comment.go:472.2,472.25 1 2
github.com/mrz1836/go-coverage/cmd/go-coverage/cmd/comment.go:475.173,530.2 1 6
github.com/mrz1836/go-coverage/cmd/go-coverage/cmd/comment.go:532.55,533.9 1 33
github.com/mrz1836/go-coverage/cmd/go-coverage/cmd/comment.go:534.24,535.14 1 2
github.com/mrz1836/go-coverage/cmd/go-coverage/cmd/comment.go:536.24,537.13 1 2
github.com/mrz1836/go-coverage/cmd/go-coverage/cmd/comment.go:538.24,539.14 1 5
github.com/mrz1836/go-coverage/cmd/go-coverage/cmd/comment.go:540.24,541.13 1 5
github.com/mrz1836/go-coverage/cmd/go-coverage/cmd/comment.go:542.24,543.13 1 2
github.com/mrz1836/go-coverage/cmd/go-coverage/cmd/comment.go:544.24,545.13 1 2
github.com/mrz1836/go-coverage/cmd/go-coverage/cmd/comment.go:546.10,547.13 1 15
github.com/mrz1836/go-coverage/cmd/go-coverage/cmd/comment.go:551.57,552.9 1 15
github.com/mrz1836/go-coverage/cmd/go-coverage/cmd/comment.go:553.24,554.21 1 2
github.com/mrz1836/go-coverage/cmd/go-coverage/cmd/comment.go:555.24,556.16 1 4
github.com/mrz1836/go-coverage/cmd/go-coverage/cmd/comment.go:557.24,558.19 1 2
github.com/mrz1836/go-coverage/cmd/go-coverage/cmd/comment.go:559.10,560.20 1 7
github.com/mrz1836/go-coverage/cmd/go-coverage/cmd/comment.go:564.52,565.9 1 15
github.com/mrz1836/go-coverage/cmd/go-coverage/cmd/comment.go:566.24,567.15 1 4
github.com/mrz1836/go-coverage/cmd/go-coverage/cmd/comment.go:568.24,569.18 1 2
github.com/mrz1836/go-coverage/cmd/go-coverage/cmd/comment.go:570.24,571.16 1 2
github.com/mrz1836/go-coverage/cmd/go-coverage/cmd/comment.go:572.10,573.20 1 7
github.com/mrz1836/go-coverage/cmd/go-coverage/cmd/comment.go:577.51,578.19 1 13
github.com/mrz1836/go-coverage/cmd/go-coverage/cmd/comment.go:579.24,580.13 1 3
github.com/mrz1836/go-coverage/cmd/go-coverage/cmd/comment.go:581.16,582.13 1 6
github.com/mrz1836/go-coverage/cmd/go-coverage/cmd/comment.go:583.26,584.13 1 2
github.com/mrz1836/go-coverage/cmd/go-coverage/cmd/comment.go:585.10,586.13 1 2
github.com/mrz1836/go-coverage/cmd/go-coverage/cmd/comment.go:590.56,591.22 1 15
github.com/mrz1836/go-coverage/cmd/go-coverage/cmd/comment.go:591.22,593.3 1 3
github.com/mrz1836/go-coverage/cmd/go-coverage/cmd/comment.go:593.8,593.30 1 12
github.com/mrz1836/go-coverage/cmd/go-coverage/cmd/comment.go:593.30,595.3 1 2
github.com/mrz1836/go-coverage/cmd/go-coverage/cmd/comment.go:596.2,596.18 1 10
github.com/mrz1836/go-coverage/cmd/go-coverage/cmd/comment.go:599.65,600.36 1 11
github.com/mrz1836/go-coverage/cmd/go-coverage/cmd/comment.go:601.24,602.23 1 4
github.com/mrz1836/go-coverage/cmd/go-coverage/cmd/comment.go:603.26,604.25 1 4
github.com/mrz1836/go-coverage/cmd/go-coverage/cmd/comment.go:605.10,606.27 1 3
github.com/mrz1836/go-coverage/cmd/go-coverage/cmd/comment.go:611.91,612.21 1 8
github.com/mrz1836/go-coverage/cmd/go-coverage/cmd/comment.go:612.21,614.3 1 6
github.com/mrz1836/go-coverage/cmd/go-coverage/cmd/comment.go:616.2,640.3 1 2
github.com/mrz1836/go-coverage/cmd/go-coverage/cmd/comment.go:644.67,646.29 2 15
github.com/mrz1836/go-coverage/cmd/go-coverage/cmd/comment.go:646.29,654.3 1 5
github.com/mrz1836/go-coverage/cmd/go-coverage/cmd/comment.go:655.2,655.15 1 15
github.com/mrz1836/go-coverage/cmd/go-coverage/cmd/complete.go:29.33,31.24 2 10
github.com/mrz1836/go-coverage/cmd/go-coverage/cmd/complete.go:31.24,33.3 1 6
github.com/mrz1836/go-coverage/cmd/go-coverage/cmd/complete.go:35.2,36.34 2 10
github.com/mrz1836/go-coverage/cmd/go-coverage/cmd/complete.go:36.34,38.3 1 22
github.com/mrz1836/go-coverage/cmd/go-coverage/cmd/complete.go:40.2,40.17 1 10
github.com/mrz1836/go-coverage/cmd/go-coverage/cmd/complete.go:44.36,45.62 1 7
github.com/mrz1836/go-coverage/cmd/go-coverage/cmd/complete.go:45.62,47.3 1 1
github.com/mrz1836/go-coverage/cmd/go-coverage/cmd/complete.go:50.2,51.27 2 6
github.com/mrz1836/go-coverage/cmd/go-coverage/cmd/complete.go:51.27,53.3 1 6
github.com/mrz1836/go-coverage/cmd/go-coverage/cmd/complete.go:55.2,55.17 1 0
github.com/mrz1836/go-coverage/cmd/go-coverage/cmd/complete.go:59.32,60.58 1 10
github.com/mrz1836/go-coverage/cmd/go-coverage/cmd/complete.go:60.58,62.3 1 7
github.com/mrz1836/go-coverage/cmd/go-coverage/cmd/complete.go:64.2,64.30 1 3
github.com/mrz1836/go-coverage/cmd/go-coverage/cmd/complete.go:74.52,80.52 1 78
github.com/mrz1836/go-coverage/cmd/go-coverage/cmd/complete.go:80.52,90.18 7 5
github.com/mrz1836/go-coverage/cmd/go-coverage/cmd/complete.go:90.18,92.5 1 0
github.com/mrz1836/go-coverage/cmd/go-coverage/cmd/complete.go:95.4,95.23 1 5
github.com/mrz1836/go-coverage/cmd/go-coverage/cmd/complete.go:95.23,97.5 1 0
github.com/mrz1836/go-coverage/cmd/go-coverage/cmd/complete.go:98.4,98.23 1 5
github.com/mrz1836/go-coverage/cmd/go-coverage/cmd/complete.go:98.23,100.5 1 0
github.com/mrz1836/go-coverage/cmd/go-coverage/cmd/complete.go:103.4,103.40 1 5
github.com/mrz1836/go-coverage/cmd/go-coverage/cmd/complete.go:103.40,105.5 1 0
github.com/mrz1836/go-coverage/cmd/go-coverage/cmd/complete.go:107.4,111.14 5 5
github.com/mrz1836/go-coverage/cmd/go-coverage/cmd/complete.go:111.14,113.5 1 3
github.com/mrz1836/go-coverage/cmd/go-coverage/cmd/complete.go:114.4,129.18 8 5
github.com/mrz1836/go-coverage/cmd/go-coverage/cmd/complete.go:129.18,131.5 1 1
github.com/mrz1836/go-coverage/cmd/go-coverage/cmd/complete.go:133.4,138.52 3 4
github.com/mrz1836/go-coverage/cmd/go-coverage/cmd/complete.go:138.52,140.5 1 0
github.com/mrz1836/go-coverage/cmd/go-coverage/cmd/complete.go:141.4,149.34 4 4
github.com/mrz1836/go-coverage/cmd/go-coverage/cmd/complete.go:149.34,152.5 1 1
github.com/mrz1836/go-coverage/cmd/go-coverage/cmd/complete.go:152.10,155.5 1 3
github.com/mrz1836/go-coverage/cmd/go-coverage/cmd/complete.go:157.4,157.41 1 4
github.com/mrz1836/go-coverage/cmd/go-coverage/cmd/complete.go:157.41,159.87 1 1
github.com/mrz1836/go-coverage/cmd/go-coverage/cmd/complete.go:159.87,161.6 1 0
github.com/mrz1836/go-coverage/cmd/go-coverage/cmd/complete.go:163.5,163.81 1 1
github.com/mrz1836/go-coverage/cmd/go-coverage/cmd/complete.go:163.81,165.6 1 0
github.com/mrz1836/go-coverage/cmd/go-coverage/cmd/complete.go:169.4,175.37 5 4
github.com/mrz1836/go-coverage/cmd/go-coverage/cmd/complete.go:175.37,177.5 1 0
github.com/mrz1836/go-coverage/cmd/go-coverage/cmd/complete.go:178.4,178.33 1 4
github.com/mrz1836/go-coverage/cmd/go-coverage/cmd/complete.go:178.33,180.5 1 0
github.com/mrz1836/go-coverage/cmd/go-coverage/cmd/complete.go:181.4,181.28 1 4
github.com/mrz1836/go-coverage/cmd/go-coverage/cmd/complete.go:181.28,183.5 1 4
github.com/mrz1836/go-coverage/cmd/go-coverage/cmd/complete.go:184.4,184.33 1 4
github.com/mrz1836/go-coverage/cmd/go-coverage/cmd/complete.go:184.33,186.5 1 4
github.com/mrz1836/go-coverage/cmd/go-coverage/cmd/complete.go:188.4,193.18 5 4
github.com/mrz1836/go-coverage/cmd/go-coverage/cmd/complete.go:193.18,195.5 1 0
github.com/mrz1836/go-coverage/cmd/go-coverage/cmd/complete.go:197.4,197.15 1 4
github.com/mrz1836/go-coverage/cmd/go-coverage/cmd/complete.go:197.15,199.95 1 1
github.com/mrz1836/go-coverage/cmd/go-coverage/cmd/complete.go:199.95,201.6 1 0
github.com/mrz1836/go-coverage/cmd/go-coverage/cmd/complete.go:202.5,202.95 1 1
github.com/mrz1836/go-coverage/cmd/go-coverage/cmd/complete.go:202.95,204.6 1 0
github.com/mrz1836/go-coverage/cmd/go-coverage/cmd/complete.go:207.5,207.107 1 1
github.com/mrz1836/go-coverage/cmd/go-coverage/cmd/complete.go:207.107,209.6 1 0
github.com/mrz1836/go-coverage/cmd/go-coverage/cmd/complete.go:209.11,209.106 1 1
github.com/mrz1836/go-coverage/cmd/go-coverage/cmd/complete.go:209.106,211.6 1 0
github.com/mrz1836/go-coverage/cmd/go-coverage/cmd/complete.go:214.5,215.39 2 1
github.com/mrz1836/go-coverage/cmd/go-coverage/cmd/complete.go:215.39,218.39 2 3
github.com/mrz1836/go-coverage/cmd/go-coverage/cmd/complete.go:218.39,220.7 1 0
github.com/mrz1836/go-coverage/cmd/go-coverage/cmd/complete.go:221.6,221.30 1 3
github.com/mrz1836/go-coverage/cmd/go-coverage/cmd/complete.go:221.30,223.7 1 3
github.com/mrz1836/go-coverage/cmd/go-coverage/cmd/complete.go:224.6,224.35 1 3
github.com/mrz1836/go-coverage/cmd/go-coverage/cmd/complete.go:224.35,226.7 1 3
github.com/mrz1836/go-coverage/cmd/go-coverage/cmd/complete.go:230.6,233.27 4 3
github.com/mrz1836/go-coverage/cmd/go-coverage/cmd/complete.go:233.27,235.15 2 0
github.com/mrz1836/go-coverage/cmd/go-coverage/cmd/complete.go:239.6,243.104 3 3
github.com/mrz1836/go-coverage/cmd/go-coverage/cmd/complete.go:243.104,245.7 1 0
github.com/mrz1836/go-coverage/cmd/go-coverage/cmd/complete.go:248.6,249.102 2 3
github.com/mrz1836/go-coverage/cmd/go-coverage/cmd/complete.go:249.102,251.7 1 0
github.com/mrz1836/go-coverage/cmd/go-coverage/cmd/complete.go:251.12,253.7 1 3
github.com/mrz1836/go-coverage/cmd/go-coverage/cmd/complete.go:257.4,265.64 5 4
github.com/mrz1836/go-coverage/cmd/go-coverage/cmd/complete.go:265.64,267.5 1 1
github.com/mrz1836/go-coverage/cmd/go-coverage/cmd/complete.go:269.4,282.15 5 4
github.com/mrz1836/go-coverage/cmd/go-coverage/cmd/complete.go:282.15,283.73 1 1
github.com/mrz1836/go-coverage/cmd/go-coverage/cmd/complete.go:283.73,285.6 1 0
github.com/mrz1836/go-coverage/cmd/go-coverage/cmd/complete.go:288.4,316.74 5 4
github.com/mrz1836/go-coverage/cmd/go-coverage/cmd/complete.go:316.74,317.75 1 4
github.com/mrz1836/go-coverage/cmd/go-coverage/cmd/complete.go:317.75,323.33 4 4
github.com/mrz1836/go-coverage/cmd/go-coverage/cmd/complete.go:323.33,325.7 1 0
github.com/mrz1836/go-coverage/cmd/go-coverage/cmd/complete.go:331.4,332.20 2 4
github.com/mrz1836/go-coverage/cmd/go-coverage/cmd/complete.go:332.20,334.5 1 0
github.com/mrz1836/go-coverage/cmd/go-coverage/cmd/complete.go:335.4,337.22 3 4
github.com/mrz1836/go-coverage/cmd/go-coverage/cmd/complete.go:337.22,340.5 2 0
github.com/mrz1836/go-coverage/cmd/go-coverage/cmd/complete.go:342.4,343.18 2 4
github.com/mrz1836/go-coverage/cmd/go-coverage/cmd/complete.go:343.18,347.43 3 0
github.com/mrz1836/go-coverage/cmd/go-coverage/cmd/complete.go:347.43,349.6 1 0
github.com/mrz1836/go-coverage/cmd/go-coverage/cmd/complete.go:350.5,350.41 1 0
github.com/mrz1836/go-coverage/cmd/go-coverage/cmd/complete.go:351.10,353.5 1 4
github.com/mrz1836/go-coverage/cmd/go-coverage/cmd/complete.go:357.4,358.42 2 4
github.com/mrz1836/go-coverage/cmd/go-coverage/cmd/complete.go:358.42,359.36 1 6
github.com/mrz1836/go-coverage/cmd/go-coverage/cmd/complete.go:359.36,361.29 2 6
github.com/mrz1836/go-coverage/cmd/go-coverage/cmd/complete.go:361.29,364.7 1 6
github.com/mrz1836/go-coverage/cmd/go-coverage/cmd/complete.go:364.12,367.7 1 0
github.com/mrz1836/go-coverage/cmd/go-coverage/cmd/complete.go:372.4,372.48 1 4
github.com/mrz1836/go-coverage/cmd/go-coverage/cmd/complete.go:372.48,375.5 2 4
github.com/mrz1836/go-coverage/cmd/go-coverage/cmd/complete.go:378.4,386.48 7 4
github.com/mrz1836/go-coverage/cmd/go-coverage/cmd/complete.go:386.48,397.62 2 6
github.com/mrz1836/go-coverage/cmd/go-coverage/cmd/complete.go:397.62,400.6 1 2
github.com/mrz1836/go-coverage/cmd/go-coverage/cmd/complete.go:403.5,403.25 1 6
github.com/mrz1836/go-coverage/cmd/go-coverage/cmd/complete.go:403.25,405.44 2 6
github.com/mrz1836/go-coverage/cmd/go-coverage/cmd/complete.go:405.44,414.64 2 6
github.com/mrz1836/go-coverage/cmd/go-coverage/cmd/complete.go:414.64,418.8 1 2
github.com/mrz1836/go-coverage/cmd/go-coverage/cmd/complete.go:419.7,419.66 1 6
github.com/mrz1836/go-coverage/cmd/go-coverage/cmd/complete.go:423.5,423.71 1 6
github.com/mrz1836/go-coverage/cmd/go-coverage/cmd/complete.go:427.4,427.34 1 4
github.com/mrz1836/go-coverage/cmd/go-coverage/cmd/complete.go:427.34,429.5 1 1
github.com/mrz1836/go-coverage/cmd/go-coverage/cmd/complete.go:434.4,439.73 2 4
github.com/mrz1836/go-coverage/cmd/go-coverage/cmd/complete.go:439.73,441.6 1 4
github.com/mrz1836/go-coverage/cmd/go-coverage/cmd/complete.go:444.5,461.111 7 4
github.com/mrz1836/go-coverage/cmd/go-coverage/cmd/complete.go:461.111,463.175 2 0
github.com/mrz1836/go-coverage/cmd/go-coverage/cmd/complete.go:463.175,467.7 2 0
github.com/mrz1836/go-coverage/cmd/go-coverage/cmd/complete.go:470.5,470.39 1 4
github.com/mrz1836/go-coverage/cmd/go-coverage/cmd/complete.go:470.39,472.44 1 4
github.com/mrz1836/go-coverage/cmd/go-coverage/cmd/complete.go:472.44,476.80 3 0
github.com/mrz1836/go-coverage/cmd/go-coverage/cmd/complete.go:476.80,479.8 2 0
github.com/mrz1836/go-coverage/cmd/go-coverage/cmd/complete.go:481.7,485.8 1 0
github.com/mrz1836/go-coverage/cmd/go-coverage/cmd/complete.go:489.6,489.36 1 4
github.com/mrz1836/go-coverage/cmd/go-coverage/cmd/complete.go:489.36,491.47 2 0
github.com/mrz1836/go-coverage/cmd/go-coverage/cmd/complete.go:491.47,492.33 1 0
github.com/mrz1836/go-coverage/cmd/go-coverage/cmd/complete.go:492.33,500.9 1 0
github.com/mrz1836/go-coverage/cmd/go-coverage/cmd/complete.go:505.5,507.20 1 4
github.com/mrz1836/go-coverage/cmd/go-coverage/cmd/complete.go:507.20,508.40 1 4
github.com/mrz1836/go-coverage/cmd/go-coverage/cmd/complete.go:508.40,510.8 1 0
github.com/mrz1836/go-coverage/cmd/go-coverage/cmd/complete.go:511.7,511.20 1 4
github.com/mrz1836/go-coverage/cmd/go-coverage/cmd/complete.go:517.4,517.118 1 4
github.com/mrz1836/go-coverage/cmd/go-coverage/cmd/complete.go:517.118,520.5 2 0
github.com/mrz1836/go-coverage/cmd/go-coverage/cmd/complete.go:520.10,523.43 1 4
github.com/mrz1836/go-coverage/cmd/go-coverage/cmd/complete.go:523.43,526.6 2 4
github.com/mrz1836/go-coverage/cmd/go-coverage/cmd/complete.go:526.11,529.6 2 0
github.com/mrz1836/go-coverage/cmd/go-coverage/cmd/complete.go:533.4,546.15 5 4
github.com/mrz1836/go-coverage/cmd/go-coverage/cmd/complete.go:546.15,547.68 1 1
github.com/mrz1836/go-coverage/cmd/go-coverage/cmd/complete.go:547.68,550.6 2 0
github.com/mrz1836/go-coverage/cmd/go-coverage/cmd/complete.go:551.5,558.57 4 1
github.com/mrz1836/go-coverage/cmd/go-coverage/cmd/complete.go:558.57,561.6 2 0
github.com/mrz1836/go-coverage/cmd/go-coverage/cmd/complete.go:564.5,565.23 2 1
github.com/mrz1836/go-coverage/cmd/go-coverage/cmd/complete.go:565.23,568.6 2 0
github.com/mrz1836/go-coverage/cmd/go-coverage/cmd/complete.go:570.5,570.31 1 1
github.com/mrz1836/go-coverage/cmd/go-coverage/cmd/complete.go:570.31,573.6 2 0
github.com/mrz1836/go-coverage/cmd/go-coverage/cmd/complete.go:575.5,575.101 1 1
github.com/mrz1836/go-coverage/cmd/go-coverage/cmd/complete.go:575.101,578.6 2 0
github.com/mrz1836/go-coverage/cmd/go-coverage/cmd/complete.go:581.5,582.23 2 1
github.com/mrz1836/go-coverage/cmd/go-coverage/cmd/complete.go:582.23,585.6 2 0
github.com/mrz1836/go-coverage/cmd/go-coverage/cmd/complete.go:586.5,591.19 4 1
github.com/mrz1836/go-coverage/cmd/go-coverage/cmd/complete.go:591.19,593.6 1 0
github.com/mrz1836/go-coverage/cmd/go-coverage/cmd/complete.go:594.5,594.40 1 1
github.com/mrz1836/go-coverage/cmd/go-coverage/cmd/complete.go:594.40,595.83 1 1
github.com/mrz1836/go-coverage/cmd/go-coverage/cmd/complete.go:595.83,597.7 1 0
github.com/mrz1836/go-coverage/cmd/go-coverage/cmd/complete.go:599.10,602.5 2 3
github.com/mrz1836/go-coverage/cmd/go-coverage/cmd/complete.go:604.4,613.43 7 4
github.com/mrz1836/go-coverage/cmd/go-coverage/cmd/complete.go:613.43,618.23 3 3
github.com/mrz1836/go-coverage/cmd/go-coverage/cmd/complete.go:618.23,621.6 2 0
github.com/mrz1836/go-coverage/cmd/go-coverage/cmd/complete.go:623.5,623.54 1 3
github.com/mrz1836/go-coverage/cmd/go-coverage/cmd/complete.go:623.54,625.6 1 3
github.com/mrz1836/go-coverage/cmd/go-coverage/cmd/complete.go:627.5,637.70 3 3
github.com/mrz1836/go-coverage/cmd/go-coverage/cmd/complete.go:637.70,640.77 3 0
github.com/mrz1836/go-coverage/cmd/go-coverage/cmd/complete.go:640.77,643.7 2 0
github.com/mrz1836/go-coverage/cmd/go-coverage/cmd/complete.go:644.6,644.78 1 0
github.com/mrz1836/go-coverage/cmd/go-coverage/cmd/complete.go:645.11,647.6 1 3
github.com/mrz1836/go-coverage/cmd/go-coverage/cmd/complete.go:650.5,650.100 1 3
github.com/mrz1836/go-coverage/cmd/go-coverage/cmd/complete.go:650.100,652.31 2 3
github.com/mrz1836/go-coverage/cmd/go-coverage/cmd/complete.go:652.31,654.41 2 0
github.com/mrz1836/go-coverage/cmd/go-coverage/cmd/complete.go:654.41,655.18 1 0
github.com/mrz1836/go-coverage/cmd/go-coverage/cmd/complete.go:655.18,656.14 1 0
github.com/mrz1836/go-coverage/cmd/go-coverage/cmd/complete.go:658.8,658.55 1 0
github.com/mrz1836/go-coverage/cmd/go-coverage/cmd/complete.go:661.11,663.6 1 0
github.com/mrz1836/go-coverage/cmd/go-coverage/cmd/complete.go:667.5,669.71 2 3
github.com/mrz1836/go-coverage/cmd/go-coverage/cmd/complete.go:669.71,671.32 2 0
github.com/mrz1836/go-coverage/cmd/go-coverage/cmd/complete.go:671.32,673.7 1 0
github.com/mrz1836/go-coverage/cmd/go-coverage/cmd/complete.go:674.6,675.58 2 0
github.com/mrz1836/go-coverage/cmd/go-coverage/cmd/complete.go:675.58,678.7 2 0
github.com/mrz1836/go-coverage/cmd/go-coverage/cmd/complete.go:678.12,678.65 1 0
github.com/mrz1836/go-coverage/cmd/go-coverage/cmd/complete.go:678.65,681.7 2 0
github.com/mrz1836/go-coverage/cmd/go-coverage/cmd/complete.go:681.12,683.7 1 0
github.com/mrz1836/go-coverage/cmd/go-coverage/cmd/complete.go:684.11,686.6 1 3
github.com/mrz1836/go-coverage/cmd/go-coverage/cmd/complete.go:689.5,689.16 1 3
github.com/mrz1836/go-coverage/cmd/go-coverage/cmd/complete.go:689.16,695.36 5 0
github.com/mrz1836/go-coverage/cmd/go-coverage/cmd/complete.go:695.36,698.7 2 0
github.com/mrz1836/go-coverage/cmd/go-coverage/cmd/complete.go:698.12,700.7 1 0
github.com/mrz1836/go-coverage/cmd/go-coverage/cmd/complete.go:702.6,702.32 1 0
github.com/mrz1836/go-coverage/cmd/go-coverage/cmd/complete.go:702.32,707.7 3 0
github.com/mrz1836/go-coverage/cmd/go-coverage/cmd/complete.go:707.12,709.7 1 0
github.com/mrz1836/go-coverage/cmd/go-coverage/cmd/complete.go:711.6,713.77 2 0
github.com/mrz1836/go-coverage/cmd/go-coverage/cmd/complete.go:713.77,716.7 2 0
github.com/mrz1836/go-coverage/cmd/go-coverage/cmd/complete.go:718.6,721.101 2 0
github.com/mrz1836/go-coverage/cmd/go-coverage/cmd/complete.go:721.101,723.32 2 0
github.com/mrz1836/go-coverage/cmd/go-coverage/cmd/complete.go:723.32,725.8 1 0
github.com/mrz1836/go-coverage/cmd/go-coverage/cmd/complete.go:726.12,728.7 1 0
github.com/mrz1836/go-coverage/cmd/go-coverage/cmd/complete.go:729.11,731.6 1 3
github.com/mrz1836/go-coverage/cmd/go-coverage/cmd/complete.go:733.5,734.21 2 3
github.com/mrz1836/go-coverage/cmd/go-coverage/cmd/complete.go:735.10,736.29 1 1
github.com/mrz1836/go-coverage/cmd/go-coverage/cmd/complete.go:736.29,738.6 1 0
github.com/mrz1836/go-coverage/cmd/go-coverage/cmd/complete.go:739.5,739.20 1 1
github.com/mrz1836/go-coverage/cmd/go-coverage/cmd/complete.go:739.20,741.6 1 1
github.com/mrz1836/go-coverage/cmd/go-coverage/cmd/complete.go:742.5,742.60 1 1
github.com/mrz1836/go-coverage/cmd/go-coverage/cmd/complete.go:746.4,746.44 1 4
github.com/mrz1836/go-coverage/cmd/go-coverage/cmd/complete.go:746.44,749.31 2 1
github.com/mrz1836/go-coverage/cmd/go-coverage/cmd/complete.go:749.31,751.6 1 0
github.com/mrz1836/go-coverage/cmd/go-coverage/cmd/complete.go:751.11,763.63 3 1
github.com/mrz1836/go-coverage/cmd/go-coverage/cmd/complete.go:763.63,766.7 2 1
github.com/mrz1836/go-coverage/cmd/go-coverage/cmd/complete.go:769.6,769.65 1 1
github.com/mrz1836/go-coverage/cmd/go-coverage/cmd/complete.go:769.65,773.56 3 1
github.com/mrz1836/go-coverage/cmd/go-coverage/cmd/complete.go:773.56,776.8 2 1
github.com/mrz1836/go-coverage/cmd/go-coverage/cmd/complete.go:776.13,780.8 2 0
github.com/mrz1836/go-coverage/cmd/go-coverage/cmd/complete.go:782.7,789.17 2 1
github.com/mrz1836/go-coverage/cmd/go-coverage/cmd/complete.go:789.17,791.8 1 1
github.com/mrz1836/go-coverage/cmd/go-coverage/cmd/complete.go:791.13,794.22 2 0
github.com/mrz1836/go-coverage/cmd/go-coverage/cmd/complete.go:794.22,796.9 1 0
github.com/mrz1836/go-coverage/cmd/go-coverage/cmd/complete.go:796.14,798.9 1 0
github.com/mrz1836/go-coverage/cmd/go-coverage/cmd/complete.go:802.6,802.22 1 1
github.com/mrz1836/go-coverage/cmd/go-coverage/cmd/complete.go:804.10,806.5 1 3
github.com/mrz1836/go-coverage/cmd/go-coverage/cmd/complete.go:809.4,809.15 1 4
github.com/mrz1836/go-coverage/cmd/go-coverage/cmd/complete.go:809.15,822.38 3 1
github.com/mrz1836/go-coverage/cmd/go-coverage/cmd/complete.go:822.38,828.20 4 3
github.com/mrz1836/go-coverage/cmd/go-coverage/cmd/complete.go:828.20,830.15 2 0
github.com/mrz1836/go-coverage/cmd/go-coverage/cmd/complete.go:834.6,834.82 1 3
github.com/mrz1836/go-coverage/cmd/go-coverage/cmd/complete.go:834.82,836.7 1 0
github.com/mrz1836/go-coverage/cmd/go-coverage/cmd/complete.go:836.12,838.7 1 3
github.com/mrz1836/go-coverage/cmd/go-coverage/cmd/complete.go:842.5,845.55 3 1
github.com/mrz1836/go-coverage/cmd/go-coverage/cmd/complete.go:845.55,847.73 2 1
github.com/mrz1836/go-coverage/cmd/go-coverage/cmd/complete.go:847.73,849.7 1 0
github.com/mrz1836/go-coverage/cmd/go-coverage/cmd/complete.go:849.12,851.7 1 1
github.com/mrz1836/go-coverage/cmd/go-coverage/cmd/complete.go:852.11,854.6 1 0
github.com/mrz1836/go-coverage/cmd/go-coverage/cmd/complete.go:857.5,858.114 2 1
github.com/mrz1836/go-coverage/cmd/go-coverage/cmd/complete.go:858.114,872.100 3 0
github.com/mrz1836/go-coverage/cmd/go-coverage/cmd/complete.go:872.100,874.7 1 0
github.com/mrz1836/go-coverage/cmd/go-coverage/cmd/complete.go:874.12,876.7 1 0
github.com/mrz1836/go-coverage/cmd/go-coverage/cmd/complete.go:878.5,878.21 1 1
github.com/mrz1836/go-coverage/cmd/go-coverage/cmd/complete.go:882.4,889.61 6 4
github.com/mrz1836/go-coverage/cmd/go-coverage/cmd/complete.go:889.61,892.5 2 2
github.com/mrz1836/go-coverage/cmd/go-coverage/cmd/complete.go:895.4,896.52 2 4
github.com/mrz1836/go-coverage/cmd/go-coverage/cmd/complete.go:896.52,898.96 1 0
github.com/mrz1836/go-coverage/cmd/go-coverage/cmd/complete.go:898.96,913.20 5 0
github.com/mrz1836/go-coverage/cmd/go-coverage/cmd/complete.go:913.20,915.7 1 0
github.com/mrz1836/go-coverage/cmd/go-coverage/cmd/complete.go:915.12,917.39 1 0
github.com/mrz1836/go-coverage/cmd/go-coverage/cmd/complete.go:917.39,918.45 1 0
github.com/mrz1836/go-coverage/cmd/go-coverage/cmd/complete.go:918.45,921.14 3 0
github.com/mrz1836/go-coverage/cmd/go-coverage/cmd/complete.go:925.7,925.30 1 0
github.com/mrz1836/go-coverage/cmd/go-coverage/cmd/complete.go:925.30,927.8 1 0
github.com/mrz1836/go-coverage/cmd/go-coverage/cmd/complete.go:933.4,933.75 1 4
github.com/mrz1836/go-coverage/cmd/go-coverage/cmd/complete.go:933.75,935.5 1 0
github.com/mrz1836/go-coverage/cmd/go-coverage/cmd/complete.go:937.4,937.14 1 4
github.com/mrz1836/go-coverage/cmd/go-coverage/cmd/complete.go:942.2,948.12 6 78
github.com/mrz1836/go-coverage/cmd/go-coverage/cmd/complete.go:951.56,952.26 1 9
github.com/mrz1836/go-coverage/cmd/go-coverage/cmd/complete.go:952.26,954.3 1 1
github.com/mrz1836/go-coverage/cmd/go-coverage/cmd/complete.go:955.2,955.9 1 8
github.com/mrz1836/go-coverage/cmd/go-coverage/cmd/complete.go:956.22,957.26 1 1
github.com/mrz1836/go-coverage/cmd/go-coverage/cmd/complete.go:958.22,959.21 1 4
github.com/mrz1836/go-coverage/cmd/go-coverage/cmd/complete.go:960.22,961.21 1 1
github.com/mrz1836/go-coverage/cmd/go-coverage/cmd/complete.go:962.10,963.34 1 2
github.com/mrz1836/go-coverage/cmd/go-coverage/cmd/complete.go:968.57,971.16 2 7
github.com/mrz1836/go-coverage/cmd/go-coverage/cmd/complete.go:971.16,973.3 1 1
github.com/mrz1836/go-coverage/cmd/go-coverage/cmd/complete.go:976.2,976.67 1 6
github.com/mrz1836/go-coverage/cmd/go-coverage/cmd/complete.go:976.67,978.3 1 0
github.com/mrz1836/go-coverage/cmd/go-coverage/cmd/complete.go:981.2,982.16 2 6
github.com/mrz1836/go-coverage/cmd/go-coverage/cmd/complete.go:982.16,984.3 1 0
github.com/mrz1836/go-coverage/cmd/go-coverage/cmd/complete.go:987.2,987.32 1 6
github.com/mrz1836/go-coverage/cmd/go-coverage/cmd/complete.go:987.32,991.20 3 14
github.com/mrz1836/go-coverage/cmd/go-coverage/cmd/complete.go:991.20,993.57 1 4
github.com/mrz1836/go-coverage/cmd/go-coverage/cmd/complete.go:993.57,995.5 1 0
github.com/mrz1836/go-coverage/cmd/go-coverage/cmd/complete.go:996.9,998.58 1 10
github.com/mrz1836/go-coverage/cmd/go-coverage/cmd/complete.go:998.58,1000.5 1 0
github.com/mrz1836/go-coverage/cmd/go-coverage/cmd/complete.go:1004.2,1004.12 1 6
github.com/mrz1836/go-coverage/cmd/go-coverage/cmd/complete.go:1008.58,1011.16 2 12
github.com/mrz1836/go-coverage/cmd/go-coverage/cmd/complete.go:1011.16,1013.3 1 1
github.com/mrz1836/go-coverage/cmd/go-coverage/cmd/complete.go:1014.2,1014.15 1 11
github.com/mrz1836/go-coverage/cmd/go-coverage/cmd/complete.go:1014.15,1015.51 1 11
github.com/mrz1836/go-coverage/cmd/go-coverage/cmd/complete.go:1015.51,1018.4 1 0
github.com/mrz1836/go-coverage/cmd/go-coverage/cmd/complete.go:1022.2,1023.16 2 11
github.com/mrz1836/go-coverage/cmd/go-coverage/cmd/complete.go:1023.16,1025.3 1 0
github.com/mrz1836/go-coverage/cmd/go-coverage/cmd/complete.go:1028.2,1029.16 2 11
github.com/mrz1836/go-coverage/cmd/go-coverage/cmd/complete.go:1029.16,1031.3 1 0
github.com/mrz1836/go-coverage/cmd/go-coverage/cmd/complete.go:1032.2,1032.15 1 11
github.com/mrz1836/go-coverage/cmd/go-coverage/cmd/complete.go:1032.15,1033.51 1 11
github.com/mrz1836/go-coverage/cmd/go-coverage/cmd/complete.go:1033.51,1036.4 1 0
github.com/mrz1836/go-coverage/cmd/go-coverage/cmd/complete.go:1040.2,1040.53 1 11
github.com/mrz1836/go-coverage/cmd/go-coverage/cmd/complete.go:1040.53,1042.3 1 0
github.com/mrz1836/go-coverage/cmd/go-coverage/cmd/complete.go:1044.2,1044.12 1 11
github.com/mrz1836/go-coverage/cmd/go-coverage/cmd/history.go:17.51,22.52 1 78
github.com/mrz1836/go-coverage/cmd/go-coverage/cmd/history.go:22.52,36.18 11 6
github.com/mrz1836/go-coverage/cmd/go-coverage/cmd/history.go:36.18,38.5 1 0
github.com/mrz1836/go-coverage/cmd/go-coverage/cmd/history.go:41.4,53.11 4 6
github.com/mrz1836/go-coverage/cmd/go-coverage/cmd/history.go:54.25,55.86 1 2
github.com/mrz1836/go-coverage/cmd/go-coverage/cmd/history.go:56.19,57.66 1 1
github.com/mrz1836/go-coverage/cmd/go-coverage/cmd/history.go:58.19,59.53 1 1
github.com/mrz1836/go-coverage/cmd/go-coverage/cmd/history.go:60.17,61.45 1 1
github.com/mrz1836/go-coverage/cmd/go-coverage/cmd/history.go:62.12,63.62 1 1
github.com/mrz1836/go-coverage/cmd/go-coverage/cmd/history.go:69.2,79.12 10 78
github.com/mrz1836/go-coverage/cmd/go-coverage/cmd/history.go:82.157,86.16 3 5
github.com/mrz1836/go-coverage/cmd/go-coverage/cmd/history.go:86.16,88.3 1 1
github.com/mrz1836/go-coverage/cmd/go-coverage/cmd/history.go:91.2,91.18 1 4
github.com/mrz1836/go-coverage/cmd/go-coverage/cmd/history.go:91.18,93.19 2 1
github.com/mrz1836/go-coverage/cmd/go-coverage/cmd/history.go:93.19,95.4 1 1
github.com/mrz1836/go-coverage/cmd/go-coverage/cmd/history.go:97.2,97.18 1 4
github.com/mrz1836/go-coverage/cmd/go-coverage/cmd/history.go:97.18,99.3 1 1
github.com/mrz1836/go-coverage/cmd/go-coverage/cmd/history.go:102.2,103.18 2 4
github.com/mrz1836/go-coverage/cmd/go-coverage/cmd/history.go:103.18,105.3 1 4
github.com/mrz1836/go-coverage/cmd/go-coverage/cmd/history.go:106.2,106.18 1 4
github.com/mrz1836/go-coverage/cmd/go-coverage/cmd/history.go:106.18,108.3 1 3
github.com/mrz1836/go-coverage/cmd/go-coverage/cmd/history.go:109.2,109.28 1 4
github.com/mrz1836/go-coverage/cmd/go-coverage/cmd/history.go:109.28,111.3 1 1
github.com/mrz1836/go-coverage/cmd/go-coverage/cmd/history.go:113.2,114.16 2 4
github.com/mrz1836/go-coverage/cmd/go-coverage/cmd/history.go:114.16,116.3 1 0
github.com/mrz1836/go-coverage/cmd/go-coverage/cmd/history.go:118.2,124.12 5 4
github.com/mrz1836/go-coverage/cmd/go-coverage/cmd/history.go:127.133,128.18 1 4
github.com/mrz1836/go-coverage/cmd/go-coverage/cmd/history.go:128.18,130.3 1 1
github.com/mrz1836/go-coverage/cmd/go-coverage/cmd/history.go:131.2,131.15 1 4
github.com/mrz1836/go-coverage/cmd/go-coverage/cmd/history.go:131.15,133.3 1 1
github.com/mrz1836/go-coverage/cmd/go-coverage/cmd/history.go:135.2,140.16 5 4
github.com/mrz1836/go-coverage/cmd/go-coverage/cmd/history.go:140.16,142.3 1 0
github.com/mrz1836/go-coverage/cmd/go-coverage/cmd/history.go:144.2,144.16 1 4
github.com/mrz1836/go-coverage/cmd/go-coverage/cmd/history.go:145.14,147.17 2 1
github.com/mrz1836/go-coverage/cmd/go-coverage/cmd/history.go:147.17,149.4 1 0
github.com/mrz1836/go-coverage/cmd/go-coverage/cmd/history.go:150.3,150.28 1 1
github.com/mrz1836/go-coverage/cmd/go-coverage/cmd/history.go:151.10,158.41 6 3
github.com/mrz1836/go-coverage/cmd/go-coverage/cmd/history.go:158.41,164.41 5 2
github.com/mrz1836/go-coverage/cmd/go-coverage/cmd/history.go:164.41,166.5 1 1
github.com/mrz1836/go-coverage/cmd/go-coverage/cmd/history.go:167.4,167.40 1 2
github.com/mrz1836/go-coverage/cmd/go-coverage/cmd/history.go:167.40,169.5 1 0
github.com/mrz1836/go-coverage/cmd/go-coverage/cmd/history.go:171.4,171.44 1 2
github.com/mrz1836/go-coverage/cmd/go-coverage/cmd/history.go:171.44,173.68 2 0
github.com/mrz1836/go-coverage/cmd/go-coverage/cmd/history.go:173.68,176.6 1 0
github.com/mrz1836/go-coverage/cmd/go-coverage/cmd/history.go:177.5,177.69 1 0
github.com/mrz1836/go-coverage/cmd/go-coverage/cmd/history.go:177.69,180.6 1 0
github.com/mrz1836/go-coverage/cmd/go-coverage/cmd/history.go:181.5,181.83 1 0
github.com/mrz1836/go-coverage/cmd/go-coverage/cmd/history.go:186.2,186.12 1 4
github.com/mrz1836/go-coverage/cmd/go-coverage/cmd/history.go:189.109,191.16 2 3
github.com/mrz1836/go-coverage/cmd/go-coverage/cmd/history.go:191.16,193.3 1 0
github.com/mrz1836/go-coverage/cmd/go-coverage/cmd/history.go:195.2,195.16 1 3
github.com/mrz1836/go-coverage/cmd/go-coverage/cmd/history.go:196.14,198.17 2 1
github.com/mrz1836/go-coverage/cmd/go-coverage/cmd/history.go:198.17,200.4 1 0
github.com/mrz1836/go-coverage/cmd/go-coverage/cmd/history.go:201.3,201.28 1 1
github.com/mrz1836/go-coverage/cmd/go-coverage/cmd/history.go:202.10,208.29 5 2
github.com/mrz1836/go-coverage/cmd/go-coverage/cmd/history.go:208.29,212.4 1 2
github.com/mrz1836/go-coverage/cmd/go-coverage/cmd/history.go:214.3,214.36 1 2
github.com/mrz1836/go-coverage/cmd/go-coverage/cmd/history.go:214.36,216.53 2 1
github.com/mrz1836/go-coverage/cmd/go-coverage/cmd/history.go:216.53,218.5 1 1
github.com/mrz1836/go-coverage/cmd/go-coverage/cmd/history.go:221.3,221.36 1 2
github.com/mrz1836/go-coverage/cmd/go-coverage/cmd/history.go:221.36,223.52 2 2
github.com/mrz1836/go-coverage/cmd/go-coverage/cmd/history.go:223.52,225.5 1 2
github.com/mrz1836/go-coverage/cmd/go-coverage/cmd/history.go:229.2,229.12 1 3
github.com/mrz1836/go-coverage/cmd/go-coverage/cmd/history.go:232.94,234.16 2 2
github.com/mrz1836/go-coverage/cmd/go-coverage/cmd/history.go:234.16,236.3 1 0
github.com/mrz1836/go-coverage/cmd/go-coverage/cmd/history.go:238.2,239.12 2 2
github.com/mrz1836/go-coverage/cmd/go-coverage/cmd/history.go:242.118,243.18 1 4
github.com/mrz1836/go-coverage/cmd/go-coverage/cmd/history.go:243.18,245.3 1 1
github.com/mrz1836/go-coverage/cmd/go-coverage/cmd/history.go:247.2,248.16 2 4
github.com/mrz1836/go-coverage/cmd/go-coverage/cmd/history.go:248.16,250.3 1 0
github.com/mrz1836/go-coverage/cmd/go-coverage/cmd/history.go:252.2,252.16 1 4
github.com/mrz1836/go-coverage/cmd/go-coverage/cmd/history.go:253.14,255.17 2 1
github.com/mrz1836/go-coverage/cmd/go-coverage/cmd/history.go:255.17,257.4 1 0
github.com/mrz1836/go-coverage/cmd/go-coverage/cmd/history.go:258.3,258.28 1 1
github.com/mrz1836/go-coverage/cmd/go-coverage/cmd/history.go:259.10,268.30 7 3
github.com/mrz1836/go-coverage/cmd/go-coverage/cmd/history.go:268.30,270.43 2 3
github.com/mrz1836/go-coverage/cmd/go-coverage/cmd/history.go:270.43,272.5 1 22
github.com/mrz1836/go-coverage/cmd/go-coverage/cmd/history.go:276.2,276.12 1 4
github.com/mrz1836/go-coverage/cmd/go-coverage/cmd/parse.go:16.49,34.2 6 78
github.com/mrz1836/go-coverage/cmd/go-coverage/cmd/parse.go:36.53,49.16 9 11
github.com/mrz1836/go-coverage/cmd/go-coverage/cmd/parse.go:49.16,51.3 1 3
github.com/mrz1836/go-coverage/cmd/go-coverage/cmd/parse.go:54.2,65.46 10 8
github.com/mrz1836/go-coverage/cmd/go-coverage/cmd/parse.go:65.46,71.3 1 6
github.com/mrz1836/go-coverage/cmd/go-coverage/cmd/parse.go:74.2,74.22 1 8
github.com/mrz1836/go-coverage/cmd/go-coverage/cmd/parse.go:74.22,78.23 3 1
github.com/mrz1836/go-coverage/cmd/go-coverage/cmd/parse.go:78.23,80.18 2 1
github.com/mrz1836/go-coverage/cmd/go-coverage/cmd/parse.go:80.18,82.5 1 0
github.com/mrz1836/go-coverage/cmd/go-coverage/cmd/parse.go:83.9,86.18 2 0
github.com/mrz1836/go-coverage/cmd/go-coverage/cmd/parse.go:86.18,88.5 1 0
github.com/mrz1836/go-coverage/cmd/go-coverage/cmd/parse.go:91.3,91.63 1 1
github.com/mrz1836/go-coverage/cmd/go-coverage/cmd/parse.go:91.63,93.4 1 0
github.com/mrz1836/go-coverage/cmd/go-coverage/cmd/parse.go:94.3,95.50 2 1
github.com/mrz1836/go-coverage/cmd/go-coverage/cmd/parse.go:96.8,96.29 1 7
github.com/mrz1836/go-coverage/cmd/go-coverage/cmd/parse.go:96.29,99.17 2 1
github.com/mrz1836/go-coverage/cmd/go-coverage/cmd/parse.go:99.17,101.4 1 0
github.com/mrz1836/go-coverage/cmd/go-coverage/cmd/parse.go:102.3,103.28 2 1
github.com/mrz1836/go-coverage/cmd/go-coverage/cmd/parse.go:107.2,107.19 1 8
github.com/mrz1836/go-coverage/cmd/go-coverage/cmd/parse.go:107.19,109.39 2 3
github.com/mrz1836/go-coverage/cmd/go-coverage/cmd/parse.go:109.39,111.4 1 1
github.com/mrz1836/go-coverage/cmd/go-coverage/cmd/parse.go:111.9,114.4 2 2
github.com/mrz1836/go-coverage/cmd/go-coverage/cmd/parse.go:117.2,117.12 1 6
github.com/mrz1836/go-coverage/cmd/go-coverage/cmd/setup_pages.go:75.54,92.55 1 87
github.com/mrz1836/go-coverage/cmd/go-coverage/cmd/setup_pages.go:92.55,105.14 9 7
github.com/mrz1836/go-coverage/cmd/go-coverage/cmd/setup_pages.go:105.14,107.5 1 7
github.com/mrz1836/go-coverage/cmd/go-coverage/cmd/setup_pages.go:110.4,111.21 2 7
github.com/mrz1836/go-coverage/cmd/go-coverage/cmd/setup_pages.go:111.21,114.39 2 6
github.com/mrz1836/go-coverage/cmd/go-coverage/cmd/setup_pages.go:114.39,116.6 1 3
github.com/mrz1836/go-coverage/cmd/go-coverage/cmd/setup_pages.go:120.4,121.64 2 4
github.com/mrz1836/go-coverage/cmd/go-coverage/cmd/setup_pages.go:121.64,123.5 1 4
github.com/mrz1836/go-coverage/cmd/go-coverage/cmd/setup_pages.go:124.4,128.21 3 0
github.com/mrz1836/go-coverage/cmd/go-coverage/cmd/setup_pages.go:128.21,130.5 1 0
github.com/mrz1836/go-coverage/cmd/go-coverage/cmd/setup_pages.go:130.10,133.19 3 0
github.com/mrz1836/go-coverage/cmd/go-coverage/cmd/setup_pages.go:133.19,135.6 1 0
github.com/mrz1836/go-coverage/cmd/go-coverage/cmd/setup_pages.go:136.5,139.39 2 0
github.com/mrz1836/go-coverage/cmd/go-coverage/cmd/setup_pages.go:139.39,141.6 1 0
github.com/mrz1836/go-coverage/cmd/go-coverage/cmd/setup_pages.go:143.4,147.73 3 0
github.com/mrz1836/go-coverage/cmd/go-coverage/cmd/setup_pages.go:147.73,149.5 1 0
github.com/mrz1836/go-coverage/cmd/go-coverage/cmd/setup_pages.go:150.4,154.81 3 0
github.com/mrz1836/go-coverage/cmd/go-coverage/cmd/setup_pages.go:154.81,156.5 1 0
github.com/mrz1836/go-coverage/cmd/go-coverage/cmd/setup_pages.go:157.4,161.86 3 0
github.com/mrz1836/go-coverage/cmd/go-coverage/cmd/setup_pages.go:161.86,164.5 2 0
github.com/mrz1836/go-coverage/cmd/go-coverage/cmd/setup_pages.go:164.10,166.5 1 0
github.com/mrz1836/go-coverage/cmd/go-coverage/cmd/setup_pages.go:167.4,171.83 3 0
github.com/mrz1836/go-coverage/cmd/go-coverage/cmd/setup_pages.go:171.83,173.5 1 0
github.com/mrz1836/go-coverage/cmd/go-coverage/cmd/setup_pages.go:174.4,177.26 2 0
github.com/mrz1836/go-coverage/cmd/go-coverage/cmd/setup_pages.go:177.26,179.92 2 0
github.com/mrz1836/go-coverage/cmd/go-coverage/cmd/setup_pages.go:179.92,182.6 2 0
github.com/mrz1836/go-coverage/cmd/go-coverage/cmd/setup_pages.go:182.11,184.6 1 0
github.com/mrz1836/go-coverage/cmd/go-coverage/cmd/setup_pages.go:185.5,185.21 1 0
github.com/mrz1836/go-coverage/cmd/go-coverage/cmd/setup_pages.go:189.4,189.23 1 0
github.com/mrz1836/go-coverage/cmd/go-coverage/cmd/setup_pages.go:189.23,191.82 2 0
github.com/mrz1836/go-coverage/cmd/go-coverage/cmd/setup_pages.go:191.82,194.6 2 0
github.com/mrz1836/go-coverage/cmd/go-coverage/cmd/setup_pages.go:194.11,196.6 1 0
github.com/mrz1836/go-coverage/cmd/go-coverage/cmd/setup_pages.go:197.5,197.21 1 0
github.com/mrz1836/go-coverage/cmd/go-coverage/cmd/setup_pages.go:201.4,202.14 2 0
github.com/mrz1836/go-coverage/cmd/go-coverage/cmd/setup_pages.go:202.14,205.5 2 0
github.com/mrz1836/go-coverage/cmd/go-coverage/cmd/setup_pages.go:205.10,206.64 1 0
github.com/mrz1836/go-coverage/cmd/go-coverage/cmd/setup_pages.go:206.64,208.6 1 0
github.com/mrz1836/go-coverage/cmd/go-coverage/cmd/setup_pages.go:208.11,210.6 1 0
github.com/mrz1836/go-coverage/cmd/go-coverage/cmd/setup_pages.go:212.4,217.14 3 0
github.com/mrz1836/go-coverage/cmd/go-coverage/cmd/setup_pages.go:222.2,227.12 5 87
github.com/mrz1836/go-coverage/cmd/go-coverage/cmd/setup_pages.go:231.86,233.47 1 4
github.com/mrz1836/go-coverage/cmd/go-coverage/cmd/setup_pages.go:233.47,237.3 3 0
github.com/mrz1836/go-coverage/cmd/go-coverage/cmd/setup_pages.go:239.2,239.13 1 4
github.com/mrz1836/go-coverage/cmd/go-coverage/cmd/setup_pages.go:239.13,241.3 1 3
github.com/mrz1836/go-coverage/cmd/go-coverage/cmd/setup_pages.go:244.2,245.38 2 4
github.com/mrz1836/go-coverage/cmd/go-coverage/cmd/setup_pages.go:245.38,249.3 3 4
github.com/mrz1836/go-coverage/cmd/go-coverage/cmd/setup_pages.go:251.2,251.13 1 0
github.com/mrz1836/go-coverage/cmd/go-coverage/cmd/setup_pages.go:251.13,253.3 1 0
github.com/mrz1836/go-coverage/cmd/go-coverage/cmd/setup_pages.go:255.2,255.12 1 0
github.com/mrz1836/go-coverage/cmd/go-coverage/cmd/setup_pages.go:259.98,263.16 3 1
github.com/mrz1836/go-coverage/cmd/go-coverage/cmd/setup_pages.go:263.16,265.3 1 0
github.com/mrz1836/go-coverage/cmd/go-coverage/cmd/setup_pages.go:267.2,268.13 2 1
github.com/mrz1836/go-coverage/cmd/go-coverage/cmd/setup_pages.go:268.13,271.3 1 0
github.com/mrz1836/go-coverage/cmd/go-coverage/cmd/setup_pages.go:274.2,275.16 2 1
github.com/mrz1836/go-coverage/cmd/go-coverage/cmd/setup_pages.go:275.16,277.3 1 0
github.com/mrz1836/go-coverage/cmd/go-coverage/cmd/setup_pages.go:279.2,279.18 1 1
github.com/mrz1836/go-coverage/cmd/go-coverage/cmd/setup_pages.go:283.48,286.40 1 15
github.com/mrz1836/go-coverage/cmd/go-coverage/cmd/setup_pages.go:286.40,288.3 1 8
github.com/mrz1836/go-coverage/cmd/go-coverage/cmd/setup_pages.go:291.2,294.142 2 7
github.com/mrz1836/go-coverage/cmd/go-coverage/cmd/setup_pages.go:294.142,297.66 2 3
github.com/mrz1836/go-coverage/cmd/go-coverage/cmd/setup_pages.go:297.66,299.4 1 0
github.com/mrz1836/go-coverage/cmd/go-coverage/cmd/setup_pages.go:300.3,300.28 1 3
github.com/mrz1836/go-coverage/cmd/go-coverage/cmd/setup_pages.go:304.2,304.134 1 4
github.com/mrz1836/go-coverage/cmd/go-coverage/cmd/setup_pages.go:304.134,307.66 2 2
github.com/mrz1836/go-coverage/cmd/go-coverage/cmd/setup_pages.go:307.66,309.4 1 0
github.com/mrz1836/go-coverage/cmd/go-coverage/cmd/setup_pages.go:310.3,310.28 1 2
github.com/mrz1836/go-coverage/cmd/go-coverage/cmd/setup_pages.go:313.2,313.11 1 2
github.com/mrz1836/go-coverage/cmd/go-coverage/cmd/setup_pages.go:317.48,319.2 1 53
github.com/mrz1836/go-coverage/cmd/go-coverage/cmd/setup_pages.go:322.102,323.13 1 4
github.com/mrz1836/go-coverage/cmd/go-coverage/cmd/setup_pages.go:323.13,325.3 1 0
github.com/mrz1836/go-coverage/cmd/go-coverage/cmd/setup_pages.go:328.2,328.50 1 4
github.com/mrz1836/go-coverage/cmd/go-coverage/cmd/setup_pages.go:328.50,332.3 3 4
github.com/mrz1836/go-coverage/cmd/go-coverage/cmd/setup_pages.go:335.2,338.38 4 0
github.com/mrz1836/go-coverage/cmd/go-coverage/cmd/setup_pages.go:338.38,345.3 6 0
github.com/mrz1836/go-coverage/cmd/go-coverage/cmd/setup_pages.go:347.2,347.12 1 0
github.com/mrz1836/go-coverage/cmd/go-coverage/cmd/setup_pages.go:351.110,352.13 1 4
github.com/mrz1836/go-coverage/cmd/go-coverage/cmd/setup_pages.go:352.13,354.3 1 1
github.com/mrz1836/go-coverage/cmd/go-coverage/cmd/setup_pages.go:357.2,357.36 1 4
github.com/mrz1836/go-coverage/cmd/go-coverage/cmd/setup_pages.go:357.36,359.3 1 3
github.com/mrz1836/go-coverage/cmd/go-coverage/cmd/setup_pages.go:361.2,361.12 1 1
github.com/mrz1836/go-coverage/cmd/go-coverage/cmd/setup_pages.go:361.12,364.3 2 1
github.com/mrz1836/go-coverage/cmd/go-coverage/cmd/setup_pages.go:367.2,373.37 2 0
github.com/mrz1836/go-coverage/cmd/go-coverage/cmd/setup_pages.go:373.37,375.3 1 0
github.com/mrz1836/go-coverage/cmd/go-coverage/cmd/setup_pages.go:377.2,377.12 1 0
github.com/mrz1836/go-coverage/cmd/go-coverage/cmd/setup_pages.go:383.115,384.13 1 5
github.com/mrz1836/go-coverage/cmd/go-coverage/cmd/setup_pages.go:384.13,386.3 1 2
github.com/mrz1836/go-coverage/cmd/go-coverage/cmd/setup_pages.go:389.2,393.39 4 5
github.com/mrz1836/go-coverage/cmd/go-coverage/cmd/setup_pages.go:393.39,395.14 1 0
github.com/mrz1836/go-coverage/cmd/go-coverage/cmd/setup_pages.go:395.14,397.4 1 0
github.com/mrz1836/go-coverage/cmd/go-coverage/cmd/setup_pages.go:398.3,398.13 1 0
github.com/mrz1836/go-coverage/cmd/go-coverage/cmd/setup_pages.go:402.2,402.13 1 5
github.com/mrz1836/go-coverage/cmd/go-coverage/cmd/setup_pages.go:402.13,404.3 1 2
github.com/mrz1836/go-coverage/cmd/go-coverage/cmd/setup_pages.go:406.2,406.12 1 5
github.com/mrz1836/go-coverage/cmd/go-coverage/cmd/setup_pages.go:406.12,409.3 2 5
github.com/mrz1836/go-coverage/cmd/go-coverage/cmd/setup_pages.go:412.2,413.16 2 0
github.com/mrz1836/go-coverage/cmd/go-coverage/cmd/setup_pages.go:413.16,415.3 1 0
github.com/mrz1836/go-coverage/cmd/go-coverage/cmd/setup_pages.go:416.2,417.15 2 0
github.com/mrz1836/go-coverage/cmd/go-coverage/cmd/setup_pages.go:417.15,420.3 1 0
github.com/mrz1836/go-coverage/cmd/go-coverage/cmd/setup_pages.go:423.2,423.13 1 0
github.com/mrz1836/go-coverage/cmd/go-coverage/cmd/setup_pages.go:423.13,425.3 1 0
github.com/mrz1836/go-coverage/cmd/go-coverage/cmd/setup_pages.go:427.2,431.39 4 0
github.com/mrz1836/go-coverage/cmd/go-coverage/cmd/setup_pages.go:431.39,433.3 1 0
github.com/mrz1836/go-coverage/cmd/go-coverage/cmd/setup_pages.go:436.2,437.21 2 0
github.com/mrz1836/go-coverage/cmd/go-coverage/cmd/setup_pages.go:437.21,439.3 1 0
github.com/mrz1836/go-coverage/cmd/go-coverage/cmd/setup_pages.go:441.2,441.90 1 0
github.com/mrz1836/go-coverage/cmd/go-coverage/cmd/setup_pages.go:441.90,443.3 1 0
github.com/mrz1836/go-coverage/cmd/go-coverage/cmd/setup_pages.go:446.2,448.46 2 0
github.com/mrz1836/go-coverage/cmd/go-coverage/cmd/setup_pages.go:448.46,450.3 1 0
github.com/mrz1836/go-coverage/cmd/go-coverage/cmd/setup_pages.go:453.2,511.39 6 0
github.com/mrz1836/go-coverage/cmd/go-coverage/cmd/setup_pages.go:511.39,513.3 1 0
github.com/mrz1836/go-coverage/cmd/go-coverage/cmd/setup_pages.go:516.2,518.42 2 0
github.com/mrz1836/go-coverage/cmd/go-coverage/cmd/setup_pages.go:518.42,520.3 1 0
github.com/mrz1836/go-coverage/cmd/go-coverage/cmd/setup_pages.go:523.2,525.40 2 0
github.com/mrz1836/go-coverage/cmd/go-coverage/cmd/setup_pages.go:525.40,527.3 1 0
github.com/mrz1836/go-coverage/cmd/go-coverage/cmd/setup_pages.go:530.2,530.13 1 0
github.com/mrz1836/go-coverage/cmd/go-coverage/cmd/setup_pages.go:530.13,532.3 1 0
github.com/mrz1836/go-coverage/cmd/go-coverage/cmd/setup_pages.go:535.2,538.38 2 0
github.com/mrz1836/go-coverage/cmd/go-coverage/cmd/setup_pages.go:538.38,542.39 2 0
github.com/mrz1836/go-coverage/cmd/go-coverage/cmd/setup_pages.go:542.39,544.4 1 0
github.com/mrz1836/go-coverage/cmd/go-coverage/cmd/setup_pages.go:548.2,550.13 2 0
github.com/mrz1836/go-coverage/cmd/go-coverage/cmd/setup_pages.go:550.13,552.3 1 0
github.com/mrz1836/go-coverage/cmd/go-coverage/cmd/setup_pages.go:554.2,554.12 1 0
github.com/mrz1836/go-coverage/cmd/go-coverage/cmd/setup_pages.go:558.112,571.34 2 2
github.com/mrz1836/go-coverage/cmd/go-coverage/cmd/setup_pages.go:571.34,572.14 1 18
github.com/mrz1836/go-coverage/cmd/go-coverage/cmd/setup_pages.go:572.14,574.4 1 9
github.com/mrz1836/go-coverage/cmd/go-coverage/cmd/setup_pages.go:576.3,576.13 1 18
github.com/mrz1836/go-coverage/cmd/go-coverage/cmd/setup_pages.go:576.13,578.12 2 18
github.com/mrz1836/go-coverage/cmd/go-coverage/cmd/setup_pages.go:581.3,588.38 2 0
github.com/mrz1836/go-coverage/cmd/go-coverage/cmd/setup_pages.go:588.38,589.15 1 0
github.com/mrz1836/go-coverage/cmd/go-coverage/cmd/setup_pages.go:589.15,591.5 1 0
github.com/mrz1836/go-coverage/cmd/go-coverage/cmd/setup_pages.go:593.4,593.12 1 0
github.com/mrz1836/go-coverage/cmd/go-coverage/cmd/setup_pages.go:596.3,596.14 1 0
github.com/mrz1836/go-coverage/cmd/go-coverage/cmd/setup_pages.go:596.14,598.4 1 0
github.com/mrz1836/go-coverage/cmd/go-coverage/cmd/setup_pages.go:601.2,601.12 1 2
github.com/mrz1836/go-coverage/cmd/go-coverage/cmd/setup_pages.go:605.114,606.13 1 3
github.com/mrz1836/go-coverage/cmd/go-coverage/cmd/setup_pages.go:606.13,608.3 1 1
github.com/mrz1836/go-coverage/cmd/go-coverage/cmd/setup_pages.go:610.2,610.12 1 3
github.com/mrz1836/go-coverage/cmd/go-coverage/cmd/setup_pages.go:610.12,613.3 2 3
github.com/mrz1836/go-coverage/cmd/go-coverage/cmd/setup_pages.go:616.2,623.37 2 0
github.com/mrz1836/go-coverage/cmd/go-coverage/cmd/setup_pages.go:623.37,625.3 1 0
github.com/mrz1836/go-coverage/cmd/go-coverage/cmd/setup_pages.go:627.2,627.12 1 0
github.com/mrz1836/go-coverage/cmd/go-coverage/cmd/setup_pages.go:631.110,634.43 2 2
github.com/mrz1836/go-coverage/cmd/go-coverage/cmd/setup_pages.go:634.43,635.14 1 6
github.com/mrz1836/go-coverage/cmd/go-coverage/cmd/setup_pages.go:635.14,637.4 1 3
github.com/mrz1836/go-coverage/cmd/go-coverage/cmd/setup_pages.go:639.3,639.13 1 6
github.com/mrz1836/go-coverage/cmd/go-coverage/cmd/setup_pages.go:639.13,641.12 2 6
github.com/mrz1836/go-coverage/cmd/go-coverage/cmd/setup_pages.go:645.3,650.41 2 0
github.com/mrz1836/go-coverage/cmd/go-coverage/cmd/setup_pages.go:650.41,651.15 1 0
github.com/mrz1836/go-coverage/cmd/go-coverage/cmd/setup_pages.go:651.15,653.5 1 0
github.com/mrz1836/go-coverage/cmd/go-coverage/cmd/setup_pages.go:654.4,654.12 1 0
github.com/mrz1836/go-coverage/cmd/go-coverage/cmd/setup_pages.go:658.3,668.45 2 0
github.com/mrz1836/go-coverage/cmd/go-coverage/cmd/setup_pages.go:668.45,669.15 1 0
github.com/mrz1836/go-coverage/cmd/go-coverage/cmd/setup_pages.go:669.15,671.5 1 0
github.com/mrz1836/go-coverage/cmd/go-coverage/cmd/setup_pages.go:672.4,672.12 1 0
github.com/mrz1836/go-coverage/cmd/go-coverage/cmd/setup_pages.go:675.3,675.14 1 0
github.com/mrz1836/go-coverage/cmd/go-coverage/cmd/setup_pages.go:675.14,677.4 1 0
github.com/mrz1836/go-coverage/cmd/go-coverage/cmd/setup_pages.go:680.2,680.12 1 2
github.com/mrz1836/go-coverage/cmd/go-coverage/cmd/setup_pages.go:684.92,687.13 2 5
github.com/mrz1836/go-coverage/cmd/go-coverage/cmd/setup_pages.go:687.13,689.3 1 2
github.com/mrz1836/go-coverage/cmd/go-coverage/cmd/setup_pages.go:693.2,693.36 1 5
github.com/mrz1836/go-coverage/cmd/go-coverage/cmd/setup_pages.go:693.36,695.3 1 3
github.com/mrz1836/go-coverage/cmd/go-coverage/cmd/setup_pages.go:696.2,699.45 4 2
github.com/mrz1836/go-coverage/cmd/go-coverage/cmd/setup_pages.go:699.45,702.3 2 2
github.com/mrz1836/go-coverage/cmd/go-coverage/cmd/setup_pages.go:702.8,703.14 1 0
github.com/mrz1836/go-coverage/cmd/go-coverage/cmd/setup_pages.go:703.14,705.4 1 0
github.com/mrz1836/go-coverage/cmd/go-coverage/cmd/setup_pages.go:709.2,711.16 3 2
github.com/mrz1836/go-coverage/cmd/go-coverage/cmd/setup_pages.go:711.16,713.101 1 2
github.com/mrz1836/go-coverage/cmd/go-coverage/cmd/setup_pages.go:713.101,716.4 2 0
github.com/mrz1836/go-coverage/cmd/go-coverage/cmd/setup_pages.go:716.9,716.108 1 2
github.com/mrz1836/go-coverage/cmd/go-coverage/cmd/setup_pages.go:716.108,718.4 1 0
github.com/mrz1836/go-coverage/cmd/go-coverage/cmd/setup_pages.go:718.9,720.37 1 2
github.com/mrz1836/go-coverage/cmd/go-coverage/cmd/setup_pages.go:720.37,722.5 1 1
github.com/mrz1836/go-coverage/cmd/go-coverage/cmd/setup_pages.go:723.4,723.69 1 2
github.com/mrz1836/go-coverage/cmd/go-coverage/cmd/setup_pages.go:725.8,727.75 2 0
github.com/mrz1836/go-coverage/cmd/go-coverage/cmd/setup_pages.go:727.75,729.4 1 0
github.com/mrz1836/go-coverage/cmd/go-coverage/cmd/setup_pages.go:731.3,731.14 1 0
github.com/mrz1836/go-coverage/cmd/go-coverage/cmd/setup_pages.go:731.14,733.4 1 0
github.com/mrz1836/go-coverage/cmd/go-coverage/cmd/setup_pages.go:736.3,739.25 3 0
github.com/mrz1836/go-coverage/cmd/go-coverage/cmd/setup_pages.go:739.25,741.55 1 0
github.com/mrz1836/go-coverage/cmd/go-coverage/cmd/setup_pages.go:741.55,744.5 2 0
github.com/mrz1836/go-coverage/cmd/go-coverage/cmd/setup_pages.go:744.10,745.43 1 0
github.com/mrz1836/go-coverage/cmd/go-coverage/cmd/setup_pages.go:745.43,747.6 1 0
github.com/mrz1836/go-coverage/cmd/go-coverage/cmd/setup_pages.go:748.5,748.78 1 0
github.com/mrz1836/go-coverage/cmd/go-coverage/cmd/setup_pages.go:750.9,752.94 2 0
github.com/mrz1836/go-coverage/cmd/go-coverage/cmd/setup_pages.go:752.94,754.5 1 0
github.com/mrz1836/go-coverage/cmd/go-coverage/cmd/setup_pages.go:756.4,756.15 1 0
github.com/mrz1836/go-coverage/cmd/go-coverage/cmd/setup_pages.go:756.15,758.60 2 0
github.com/mrz1836/go-coverage/cmd/go-coverage/cmd/setup_pages.go:758.60,760.6 1 0
github.com/mrz1836/go-coverage/cmd/go-coverage/cmd/setup_pages.go:763.4,763.49 1 0
github.com/mrz1836/go-coverage/cmd/go-coverage/cmd/setup_pages.go:763.49,766.5 2 0
github.com/mrz1836/go-coverage/cmd/go-coverage/cmd/setup_pages.go:772.2,772.36 1 0
github.com/mrz1836/go-coverage/cmd/go-coverage/cmd/setup_pages.go:772.36,774.3 1 0
github.com/mrz1836/go-coverage/cmd/go-coverage/cmd/setup_pages.go:775.2,777.16 3 0
github.com/mrz1836/go-coverage/cmd/go-coverage/cmd/setup_pages.go:777.16,778.51 1 0
github.com/mrz1836/go-coverage/cmd/go-coverage/cmd/setup_pages.go:778.51,781.4 2 0
github.com/mrz1836/go-coverage/cmd/go-coverage/cmd/setup_pages.go:782.8,783.14 1 0
github.com/mrz1836/go-coverage/cmd/go-coverage/cmd/setup_pages.go:783.14,785.4 1 0
github.com/mrz1836/go-coverage/cmd/go-coverage/cmd/setup_pages.go:788.2,788.17 1 0
github.com/mrz1836/go-coverage/cmd/go-coverage/cmd/setup_pages.go:788.17,790.3 1 0
github.com/mrz1836/go-coverage/cmd/go-coverage/cmd/setup_pages.go:792.2,792.12 1 0
github.com/mrz1836/go-coverage/cmd/go-coverage/cmd/setup_pages.go:796.66,797.12 1 3
github.com/mrz1836/go-coverage/cmd/go-coverage/cmd/setup_pages.go:797.12,801.3 3 1
github.com/mrz1836/go-coverage/cmd/go-coverage/cmd/setup_pages.go:803.2,822.25 17 2
github.com/mrz1836/go-coverage/cmd/go-coverage/cmd/setup_pages.go:822.25,824.3 1 2
github.com/mrz1836/go-coverage/cmd/go-coverage/cmd/setup_pages.go:825.2,837.66 11 2
github.com/mrz1836/go-coverage/cmd/go-coverage/cmd/upgrade.go:31.51,49.52 1 82
github.com/mrz1836/go-coverage/cmd/go-coverage/cmd/upgrade.go:49.52,54.18 4 1
github.com/mrz1836/go-coverage/cmd/go-coverage/cmd/upgrade.go:54.18,56.5 1 0
github.com/mrz1836/go-coverage/cmd/go-coverage/cmd/upgrade.go:58.4,59.18 2 1
github.com/mrz1836/go-coverage/cmd/go-coverage/cmd/upgrade.go:59.18,61.5 1 0
github.com/mrz1836/go-coverage/cmd/go-coverage/cmd/upgrade.go:63.4,63.46 1 1
github.com/mrz1836/go-coverage/cmd/go-coverage/cmd/upgrade.go:68.2,72.12 4 82
github.com/mrz1836/go-coverage/cmd/go-coverage/cmd/upgrade.go:75.89,79.104 2 12
github.com/mrz1836/go-coverage/cmd/go-coverage/cmd/upgrade.go:79.104,80.41 1 7
github.com/mrz1836/go-coverage/cmd/go-coverage/cmd/upgrade.go:80.41,84.4 3 4
github.com/mrz1836/go-coverage/cmd/go-coverage/cmd/upgrade.go:87.2,92.16 4 8
github.com/mrz1836/go-coverage/cmd/go-coverage/cmd/upgrade.go:92.16,94.3 1 0
github.com/mrz1836/go-coverage/cmd/go-coverage/cmd/upgrade.go:96.2,102.31 4 8
github.com/mrz1836/go-coverage/cmd/go-coverage/cmd/upgrade.go:102.31,105.3 2 0
github.com/mrz1836/go-coverage/cmd/go-coverage/cmd/upgrade.go:107.2,107.22 1 8
github.com/mrz1836/go-coverage/cmd/go-coverage/cmd/upgrade.go:107.22,108.14 1 3
github.com/mrz1836/go-coverage/cmd/go-coverage/cmd/upgrade.go:108.14,111.4 2 3
github.com/mrz1836/go-coverage/cmd/go-coverage/cmd/upgrade.go:111.9,113.4 1 0
github.com/mrz1836/go-coverage/cmd/go-coverage/cmd/upgrade.go:114.3,114.13 1 3
github.com/mrz1836/go-coverage/cmd/go-coverage/cmd/upgrade.go:118.2,118.13 1 5
github.com/mrz1836/go-coverage/cmd/go-coverage/cmd/upgrade.go:118.13,120.3 1 5
github.com/mrz1836/go-coverage/cmd/go-coverage/cmd/upgrade.go:120.8,120.25 1 0
github.com/mrz1836/go-coverage/cmd/go-coverage/cmd/upgrade.go:120.25,122.3 1 0
github.com/mrz1836/go-coverage/cmd/go-coverage/cmd/upgrade.go:125.2,133.38 6 5
github.com/mrz1836/go-coverage/cmd/go-coverage/cmd/upgrade.go:133.38,135.3 1 0
github.com/mrz1836/go-coverage/cmd/go-coverage/cmd/upgrade.go:137.2,141.35 3 5
github.com/mrz1836/go-coverage/cmd/go-coverage/cmd/upgrade.go:141.35,144.30 3 0
github.com/mrz1836/go-coverage/cmd/go-coverage/cmd/upgrade.go:144.30,145.37 1 0
github.com/mrz1836/go-coverage/cmd/go-coverage/cmd/upgrade.go:145.37,147.5 1 0
github.com/mrz1836/go-coverage/cmd/go-coverage/cmd/upgrade.go:151.2,151.12 1 5
github.com/mrz1836/go-coverage/cmd/go-coverage/cmd/upgrade.go:154.37,155.32 1 42
github.com/mrz1836/go-coverage/cmd/go-coverage/cmd/upgrade.go:155.32,157.3 1 4
github.com/mrz1836/go-coverage/cmd/go-coverage/cmd/upgrade.go:158.2,158.32 1 38
github.com/mrz1836/go-coverage/cmd/go-coverage/cmd/upgrade.go:158.32,160.3 1 37
github.com/mrz1836/go-coverage/cmd/go-coverage/cmd/upgrade.go:161.2,161.10 1 1
github.com/mrz1836/go-coverage/cmd/go-coverage/cmd/upgrade.go:165.44,169.16 3 1
github.com/mrz1836/go-coverage/cmd/go-coverage/cmd/upgrade.go:169.16,171.3 1 1
github.com/mrz1836/go-coverage/cmd/go-coverage/cmd/upgrade.go:175.2,178.29 3 0
github.com/mrz1836/go-coverage/cmd/go-coverage/cmd/upgrade.go:178.29,179.44 1 0
github.com/mrz1836/go-coverage/cmd/go-coverage/cmd/upgrade.go:179.44,184.4 3 0
github.com/mrz1836/go-coverage/cmd/go-coverage/cmd/upgrade.go:187.2,187.67 1 0
github.com/mrz1836/go-coverage/cmd/go-coverage/cmd/upgrade.go:191.31,193.34 2 1
github.com/mrz1836/go-coverage/cmd/go-coverage/cmd/upgrade.go:193.34,195.3 1 0
github.com/mrz1836/go-coverage/cmd/go-coverage/cmd/upgrade.go:196.2,196.12 1 1
github.com/mrz1836/go-coverage/cmd/go-coverage/cmd/upgrade.go:200.34,203.16 3 1
github.com/mrz1836/go-coverage/cmd/go-coverage/cmd/upgrade.go:203.16,205.3 1 0
github.com/mrz1836/go-coverage/cmd/go-coverage/cmd/upgrade.go:207.2,208.18 2 1
github.com/mrz1836/go-coverage/cmd/go-coverage/cmd/upgrade.go:208.18,211.17 2 0
github.com/mrz1836/go-coverage/cmd/go-coverage/cmd/upgrade.go:211.17,213.4 1 0
github.com/mrz1836/go-coverage/cmd/go-coverage/cmd/upgrade.go:214.3,214.38 1 0
github.com/mrz1836/go-coverage/cmd/go-coverage/cmd/upgrade.go:217.2,217.43 1 1
github.com/mrz1836/go-coverage/cmd/go-coverage/cmd/upgrade.go:221.22,224.2 2 1
github.com/mrz1836/go-coverage/cmd/go-coverage/cmd/upgrade.go:227.42,228.31 1 1
github.com/mrz1836/go-coverage/cmd/go-coverage/cmd/upgrade.go:228.31,230.3 1 0
github.com/mrz1836/go-coverage/cmd/go-coverage/cmd/upgrade.go:231.2,231.37 1 1
github.com/mrz1836/go-coverage/cmd/go-coverage/cmd/upgrade.go:235.46,240.43 2 20
github.com/mrz1836/go-coverage/cmd/go-coverage/cmd/upgrade.go:240.43,242.3 1 10
github.com/mrz1836/go-coverage/cmd/go-coverage/cmd/upgrade.go:245.2,245.28 1 10
github.com/mrz1836/go-coverage/cmd/go-coverage/cmd/upgrade.go:245.28,246.75 1 121
github.com/mrz1836/go-coverage/cmd/go-coverage/cmd/upgrade.go:246.75,248.4 1 3
github.com/mrz1836/go-coverage/cmd/go-coverage/cmd/upgrade.go:251.2,251.13 1 7
github.com/mrz1836/go-coverage/cmd/go-coverage/cmd/upgrade.go:255.48,256.27 1 25
github.com/mrz1836/go-coverage/cmd/go-coverage/cmd/upgrade.go:256.27,258.3 1 4
github.com/mrz1836/go-coverage/cmd/go-coverage/cmd/upgrade.go:260.2,260.40 1 21
github.com/mrz1836/go-coverage/cmd/go-coverage/cmd/upgrade.go:260.40,262.3 1 6
github.com/mrz1836/go-coverage/cmd/go-coverage/cmd/upgrade.go:263.2,263.14 1 15
github.com/mrz1836/go-coverage/internal/parser/parser.go:89.20,99.2 1 33
github.com/mrz1836/go-coverage/internal/parser/parser.go:102.44,104.2 1 10
github.com/mrz1836/go-coverage/internal/parser/parser.go:107.89,109.16 2 3
github.com/mrz1836/go-coverage/internal/parser/parser.go:109.16,111.3 1 1
github.com/mrz1836/go-coverage/internal/parser/parser.go:112.2,112.15 1 2
github.com/mrz1836/go-coverage/internal/parser/parser.go:112.15,112.35 1 2
github.com/mrz1836/go-coverage/internal/parser/parser.go:114.2,114.27 1 2
github.com/mrz1836/go-coverage/internal/parser/parser.go:125.86,132.21 5 8
github.com/mrz1836/go-coverage/internal/parser/parser.go:132.21,133.10 1 67
github.com/mrz1836/go-coverage/internal/parser/parser.go:134.21,135.25 1 1
github.com/mrz1836/go-coverage/internal/parser/parser.go:136.11,136.11 0 66
github.com/mrz1836/go-coverage/internal/parser/parser.go:139.3,142.19 3 66
github.com/mrz1836/go-coverage/internal/parser/parser.go:142.19,144.41 1 6
github.com/mrz1836/go-coverage/internal/parser/parser.go:144.41,146.5 1 1
github.com/mrz1836/go-coverage/internal/parser/parser.go:147.4,148.12 2 5
github.com/mrz1836/go-coverage/internal/parser/parser.go:151.3,151.17 1 60
github.com/mrz1836/go-coverage/internal/parser/parser.go:151.17,152.12 1 0
github.com/mrz1836/go-coverage/internal/parser/parser.go:156.3,157.17 2 60
github.com/mrz1836/go-coverage/internal/parser/parser.go:157.17,159.4 1 1
github.com/mrz1836/go-coverage/internal/parser/parser.go:162.3,162.32 1 59
github.com/mrz1836/go-coverage/internal/parser/parser.go:162.32,163.12 1 9
github.com/mrz1836/go-coverage/internal/parser/parser.go:166.3,169.5 1 50
github.com/mrz1836/go-coverage/internal/parser/parser.go:172.2,172.38 1 5
github.com/mrz1836/go-coverage/internal/parser/parser.go:172.38,174.3 1 0
github.com/mrz1836/go-coverage/internal/parser/parser.go:177.2,177.16 1 5
github.com/mrz1836/go-coverage/internal/parser/parser.go:177.16,179.3 1 1
github.com/mrz1836/go-coverage/internal/parser/parser.go:181.2,181.46 1 4
github.com/mrz1836/go-coverage/internal/parser/parser.go:191.48,193.2 1 56
github.com/mrz1836/go-coverage/internal/parser/parser.go:199.42,200.16 1 30
github.com/mrz1836/go-coverage/internal/parser/parser.go:200.16,202.3 1 1
github.com/mrz1836/go-coverage/internal/parser/parser.go:203.2,203.48 1 29
github.com/mrz1836/go-coverage/internal/parser/parser.go:207.73,210.21 2 74
github.com/mrz1836/go-coverage/internal/parser/parser.go:210.21,212.3 1 6
github.com/mrz1836/go-coverage/internal/parser/parser.go:215.2,216.20 2 68
github.com/mrz1836/go-coverage/internal/parser/parser.go:216.20,218.3 1 1
github.com/mrz1836/go-coverage/internal/parser/parser.go:220.2,225.20 4 67
github.com/mrz1836/go-coverage/internal/parser/parser.go:225.20,227.3 1 0
github.com/mrz1836/go-coverage/internal/parser/parser.go:229.2,233.16 4 67
github.com/mrz1836/go-coverage/internal/parser/parser.go:233.16,235.3 1 1
github.com/mrz1836/go-coverage/internal/parser/parser.go:237.2,238.16 2 66
github.com/mrz1836/go-coverage/internal/parser/parser.go:238.16,240.3 1 0
github.com/mrz1836/go-coverage/internal/parser/parser.go:243.2,244.16 2 66
github.com/mrz1836/go-coverage/internal/parser/parser.go:244.16,246.3 1 1
github.com/mrz1836/go-coverage/internal/parser/parser.go:249.2,250.16 2 65
github.com/mrz1836/go-coverage/internal/parser/parser.go:250.16,252.3 1 1
github.com/mrz1836/go-coverage/internal/parser/parser.go:254.2,261.18 1 64
github.com/mrz1836/go-coverage/internal/parser/parser.go:265.62,267.18 2 137
github.com/mrz1836/go-coverage/internal/parser/parser.go:267.18,269.3 1 2
github.com/mrz1836/go-coverage/internal/parser/parser.go:271.2,272.16 2 135
github.com/mrz1836/go-coverage/internal/parser/parser.go:272.16,274.3 1 1
github.com/mrz1836/go-coverage/internal/parser/parser.go:276.2,277.16 2 134
github.com/mrz1836/go-coverage/internal/parser/parser.go:277.16,279.3 1 1
github.com/mrz1836/go-coverage/internal/parser/parser.go:281.2,281.23 1 133
github.com/mrz1836/go-coverage/internal/parser/parser.go:285.58,287.40 1 74
github.com/mrz1836/go-coverage/internal/parser/parser.go:287.40,289.50 2 3
github.com/mrz1836/go-coverage/internal/parser/parser.go:289.50,290.41 1 5
github.com/mrz1836/go-coverage/internal/parser/parser.go:290.41,292.10 2 2
github.com/mrz1836/go-coverage/internal/parser/parser.go:295.3,295.16 1 3
github.com/mrz1836/go-coverage/internal/parser/parser.go:295.16,297.4 1 1
github.com/mrz1836/go-coverage/internal/parser/parser.go:301.2,301.45 1 73
github.com/mrz1836/go-coverage/internal/parser/parser.go:301.45,302.39 1 335
github.com/mrz1836/go-coverage/internal/parser/parser.go:302.39,304.4 1 9
github.com/mrz1836/go-coverage/internal/parser/parser.go:308.2,309.48 2 64
github.com/mrz1836/go-coverage/internal/parser/parser.go:309.48,310.63 1 229
github.com/mrz1836/go-coverage/internal/parser/parser.go:310.63,312.4 1 8
github.com/mrz1836/go-coverage/internal/parser/parser.go:316.2,316.74 1 56
github.com/mrz1836/go-coverage/internal/parser/parser.go:316.74,318.3 1 0
github.com/mrz1836/go-coverage/internal/parser/parser.go:321.2,321.62 1 56
github.com/mrz1836/go-coverage/internal/parser/parser.go:321.62,323.3 1 0
github.com/mrz1836/go-coverage/internal/parser/parser.go:325.2,325.14 1 56
github.com/mrz1836/go-coverage/internal/parser/parser.go:329.56,339.16 3 58
github.com/mrz1836/go-coverage/internal/parser/parser.go:339.16,341.3 1 54
github.com/mrz1836/go-coverage/internal/parser/parser.go:342.2,342.15 1 4
github.com/mrz1836/go-coverage/internal/parser/parser.go:342.15,342.35 1 4
github.com/mrz1836/go-coverage/internal/parser/parser.go:344.2,346.39 3 4
github.com/mrz1836/go-coverage/internal/parser/parser.go:346.39,348.45 2 7
github.com/mrz1836/go-coverage/internal/parser/parser.go:348.45,349.39 1 22
github.com/mrz1836/go-coverage/internal/parser/parser.go:349.39,351.5 1 2
github.com/mrz1836/go-coverage/internal/parser/parser.go:353.3,353.14 1 5
github.com/mrz1836/go-coverage/internal/parser/parser.go:356.2,356.14 1 2
github.com/mrz1836/go-coverage/internal/parser/parser.go:360.104,365.34 3 4
github.com/mrz1836/go-coverage/internal/parser/parser.go:365.34,368.3 2 50
github.com/mrz1836/go-coverage/internal/parser/parser.go:371.2,374.46 3 4
github.com/mrz1836/go-coverage/internal/parser/parser.go:374.46,377.27 2 13
github.com/mrz1836/go-coverage/internal/parser/parser.go:377.27,382.4 1 12
github.com/mrz1836/go-coverage/internal/parser/parser.go:384.3,391.39 6 13
github.com/mrz1836/go-coverage/internal/parser/parser.go:395.2,395.31 1 4
github.com/mrz1836/go-coverage/internal/parser/parser.go:395.31,397.3 1 12
github.com/mrz1836/go-coverage/internal/parser/parser.go:400.2,409.8 2 4
github.com/mrz1836/go-coverage/internal/parser/parser.go:413.61,415.16 2 16
github.com/mrz1836/go-coverage/internal/parser/parser.go:415.16,417.3 1 1
github.com/mrz1836/go-coverage/internal/parser/parser.go:418.2,418.27 1 15
github.com/mrz1836/go-coverage/internal/parser/parser.go:422.96,425.86 2 10
github.com/mrz1836/go-coverage/internal/parser/parser.go:425.86,426.10 1 33
github.com/mrz1836/go-coverage/internal/parser/parser.go:427.21,428.20 1 1
github.com/mrz1836/go-coverage/internal/parser/parser.go:429.11,429.11 0 32
github.com/mrz1836/go-coverage/internal/parser/parser.go:432.3,432.17 1 32
github.com/mrz1836/go-coverage/internal/parser/parser.go:432.17,434.4 1 1
github.com/mrz1836/go-coverage/internal/parser/parser.go:437.3,437.19 1 31
github.com/mrz1836/go-coverage/internal/parser/parser.go:437.19,439.4 1 14
github.com/mrz1836/go-coverage/internal/parser/parser.go:442.3,442.38 1 17
github.com/mrz1836/go-coverage/internal/parser/parser.go:442.38,444.4 1 1
github.com/mrz1836/go-coverage/internal/parser/parser.go:447.3,448.17 2 16
github.com/mrz1836/go-coverage/internal/parser/parser.go:448.17,450.4 1 0
github.com/mrz1836/go-coverage/internal/parser/parser.go:454.3,454.54 1 16
github.com/mrz1836/go-coverage/internal/parser/parser.go:454.54,456.4 1 9
github.com/mrz1836/go-coverage/internal/parser/parser.go:458.3,458.13 1 16
github.com/mrz1836/go-coverage/internal/parser/parser.go:460.2,460.16 1 10
github.com/mrz1836/go-coverage/internal/parser/parser.go:460.16,462.3 1 2
github.com/mrz1836/go-coverage/internal/parser/parser.go:464.2,464.27 1 8
github.com/mrz1836/go-coverage/internal/parser/parser.go:469.78,471.40 1 16
github.com/mrz1836/go-coverage/internal/parser/parser.go:471.40,473.50 2 2
github.com/mrz1836/go-coverage/internal/parser/parser.go:473.50,474.40 1 2
github.com/mrz1836/go-coverage/internal/parser/parser.go:474.40,476.10 2 1
github.com/mrz1836/go-coverage/internal/parser/parser.go:479.3,479.16 1 2
github.com/mrz1836/go-coverage/internal/parser/parser.go:479.16,481.4 1 1
github.com/mrz1836/go-coverage/internal/parser/parser.go:485.2,485.45 1 15
github.com/mrz1836/go-coverage/internal/parser/parser.go:485.45,486.38 1 5
github.com/mrz1836/go-coverage/internal/parser/parser.go:486.38,488.4 1 2
github.com/mrz1836/go-coverage/internal/parser/parser.go:492.2,493.48 2 13
github.com/mrz1836/go-coverage/internal/parser/parser.go:493.48,494.63 1 5
github.com/mrz1836/go-coverage/internal/parser/parser.go:494.63,496.4 1 2
github.com/mrz1836/go-coverage/internal/parser/parser.go:500.2,500.74 1 11
github.com/mrz1836/go-coverage/internal/parser/parser.go:500.74,502.3 1 1
github.com/mrz1836/go-coverage/internal/parser/parser.go:505.2,505.61 1 10
github.com/mrz1836/go-coverage/internal/parser/parser.go:505.61,507.3 1 1
github.com/mrz1836/go-coverage/internal/parser/parser.go:509.2,509.14 1 9
github.com/mrz1836/go-coverage/internal/parser/parser.go:513.95,514.55 1 14
github.com/mrz1836/go-coverage/internal/parser/parser.go:514.55,516.3 1 39
github.com/mrz1836/go-coverage/internal/parser/parser.go:518.2,521.34 3 14
github.com/mrz1836/go-coverage/internal/parser/parser.go:521.34,523.21 2 53
github.com/mrz1836/go-coverage/internal/parser/parser.go:523.21,525.4 1 44
github.com/mrz1836/go-coverage/internal/parser/parser.go:528.2,536.3 2 14
github.com/mrz1836/go-coverage/internal/history/history.go:32.42,37.2 2 18
github.com/mrz1836/go-coverage/internal/history/history.go:40.60,43.16 2 157
github.com/mrz1836/go-coverage/internal/history/history.go:43.16,45.38 1 22
github.com/mrz1836/go-coverage/internal/history/history.go:45.38,47.4 1 7
github.com/mrz1836/go-coverage/internal/history/history.go:48.3,48.31 1 15
github.com/mrz1836/go-coverage/internal/history/history.go:52.2,55.24 2 150
github.com/mrz1836/go-coverage/internal/history/history.go:55.24,57.3 1 1
github.com/mrz1836/go-coverage/internal/history/history.go:60.2,60.31 1 149
github.com/mrz1836/go-coverage/internal/history/history.go:64.60,66.16 2 24
github.com/mrz1836/go-coverage/internal/history/history.go:66.16,67.37 1 4
github.com/mrz1836/go-coverage/internal/history/history.go:67.37,69.4 1 2
github.com/mrz1836/go-coverage/internal/history/history.go:70.3,70.60 1 2
github.com/mrz1836/go-coverage/internal/history/history.go:73.2,73.23 1 20
github.com/mrz1836/go-coverage/internal/history/history.go:73.23,75.3 1 1
github.com/mrz1836/go-coverage/internal/history/history.go:77.2,77.38 1 19
github.com/mrz1836/go-coverage/internal/history/history.go:81.87,83.16 2 9
github.com/mrz1836/go-coverage/internal/history/history.go:83.16,84.35 1 2
github.com/mrz1836/go-coverage/internal/history/history.go:84.35,86.4 1 1
github.com/mrz1836/go-coverage/internal/history/history.go:87.3,87.28 1 1
github.com/mrz1836/go-coverage/internal/history/history.go:90.2,96.22 4 7
github.com/mrz1836/go-coverage/internal/history/history.go:96.22,98.3 1 2
github.com/mrz1836/go-coverage/internal/history/history.go:98.8,98.30 1 5
github.com/mrz1836/go-coverage/internal/history/history.go:98.30,100.3 1 2
github.com/mrz1836/go-coverage/internal/history/history.go:102.2,102.42 1 3
github.com/mrz1836/go-coverage/internal/history/history.go:106.59,108.16 2 189
github.com/mrz1836/go-coverage/internal/history/history.go:108.16,110.3 1 18
github.com/mrz1836/go-coverage/internal/history/history.go:112.2,113.55 2 171
github.com/mrz1836/go-coverage/internal/history/history.go:113.55,115.3 1 10
github.com/mrz1836/go-coverage/internal/history/history.go:117.2,117.21 1 161
github.com/mrz1836/go-coverage/internal/history/history.go:121.44,124.52 2 155
github.com/mrz1836/go-coverage/internal/history/history.go:124.52,127.3 1 4
github.com/mrz1836/go-coverage/internal/history/history.go:128.2,128.12 1 151
github.com/mrz1836/go-coverage/internal/history/history.go:132.63,134.16 2 152
github.com/mrz1836/go-coverage/internal/history/history.go:134.16,136.3 1 0
github.com/mrz1836/go-coverage/internal/history/history.go:139.2,139.45 1 152
github.com/mrz1836/go-coverage/internal/history/history.go:139.45,141.3 1 0
github.com/mrz1836/go-coverage/internal/history/history.go:143.2,143.65 1 152
github.com/mrz1836/go-coverage/internal/history/history.go:143.65,145.3 1 0
github.com/mrz1836/go-coverage/internal/history/history.go:147.2,147.12 1 152
github.com/mrz1836/go-coverage/internal/history/tracker.go:163.21,174.2 1 8
github.com/mrz1836/go-coverage/internal/history/tracker.go:177.45,179.2 1 15
github.com/mrz1836/go-coverage/internal/history/tracker.go:182.103,183.9 1 25
github.com/mrz1836/go-coverage/internal/history/tracker.go:184.20,185.19 1 1
github.com/mrz1836/go-coverage/internal/history/tracker.go:186.10,186.10 0 24
github.com/mrz1836/go-coverage/internal/history/tracker.go:190.2,190.21 1 24
github.com/mrz1836/go-coverage/internal/history/tracker.go:190.21,192.3 1 0
github.com/mrz1836/go-coverage/internal/history/tracker.go:193.2,193.21 1 24
github.com/mrz1836/go-coverage/internal/history/tracker.go:193.21,195.3 1 0
github.com/mrz1836/go-coverage/internal/history/tracker.go:196.2,196.32 1 24
github.com/mrz1836/go-coverage/internal/history/tracker.go:196.32,198.3 1 0
github.com/mrz1836/go-coverage/internal/history/tracker.go:200.2,206.30 2 24
github.com/mrz1836/go-coverage/internal/history/tracker.go:206.30,208.3 1 45
github.com/mrz1836/go-coverage/internal/history/tracker.go:211.2,211.23 1 24
github.com/mrz1836/go-coverage/internal/history/tracker.go:211.23,213.3 1 0
github.com/mrz1836/go-coverage/internal/history/tracker.go:216.2,216.26 1 24
github.com/mrz1836/go-coverage/internal/history/tracker.go:216.26,218.3 1 6
github.com/mrz1836/go-coverage/internal/history/tracker.go:221.2,234.27 2 24
github.com/mrz1836/go-coverage/internal/history/tracker.go:234.27,236.3 1 0
github.com/mrz1836/go-coverage/internal/history/tracker.go:237.2,242.47 4 24
github.com/mrz1836/go-coverage/internal/history/tracker.go:242.47,244.3 1 24
github.com/mrz1836/go-coverage/internal/history/tracker.go:246.2,246.32 1 24
github.com/mrz1836/go-coverage/internal/history/tracker.go:250.93,251.9 1 3
github.com/mrz1836/go-coverage/internal/history/tracker.go:252.20,253.24 1 0
github.com/mrz1836/go-coverage/internal/history/tracker.go:254.10,254.10 0 3
github.com/mrz1836/go-coverage/internal/history/tracker.go:257.2,263.30 2 3
github.com/mrz1836/go-coverage/internal/history/tracker.go:263.30,265.3 1 4
github.com/mrz1836/go-coverage/internal/history/tracker.go:267.2,268.16 2 3
github.com/mrz1836/go-coverage/internal/history/tracker.go:268.16,270.3 1 0
github.com/mrz1836/go-coverage/internal/history/tracker.go:272.2,272.23 1 3
github.com/mrz1836/go-coverage/internal/history/tracker.go:272.23,279.3 1 1
github.com/mrz1836/go-coverage/internal/history/tracker.go:281.2,289.8 3 2
github.com/mrz1836/go-coverage/internal/history/tracker.go:293.86,294.9 1 4
github.com/mrz1836/go-coverage/internal/history/tracker.go:295.20,296.24 1 0
github.com/mrz1836/go-coverage/internal/history/tracker.go:297.10,297.10 0 4
github.com/mrz1836/go-coverage/internal/history/tracker.go:300.2,307.16 3 4
github.com/mrz1836/go-coverage/internal/history/tracker.go:307.16,309.3 1 0
github.com/mrz1836/go-coverage/internal/history/tracker.go:311.2,311.23 1 4
github.com/mrz1836/go-coverage/internal/history/tracker.go:311.23,313.3 1 1
github.com/mrz1836/go-coverage/internal/history/tracker.go:315.2,315.25 1 3
github.com/mrz1836/go-coverage/internal/history/tracker.go:319.54,320.9 1 2
github.com/mrz1836/go-coverage/internal/history/tracker.go:321.20,322.19 1 0
github.com/mrz1836/go-coverage/internal/history/tracker.go:323.10,323.10 0 2
github.com/mrz1836/go-coverage/internal/history/tracker.go:326.2,326.27 1 2
github.com/mrz1836/go-coverage/internal/history/tracker.go:326.27,328.3 1 1
github.com/mrz1836/go-coverage/internal/history/tracker.go:330.2,333.16 3 1
github.com/mrz1836/go-coverage/internal/history/tracker.go:333.16,335.3 1 0
github.com/mrz1836/go-coverage/internal/history/tracker.go:337.2,340.32 3 1
github.com/mrz1836/go-coverage/internal/history/tracker.go:340.32,341.71 1 3
github.com/mrz1836/go-coverage/internal/history/tracker.go:341.71,343.4 1 2
github.com/mrz1836/go-coverage/internal/history/tracker.go:343.9,345.4 1 1
github.com/mrz1836/go-coverage/internal/history/tracker.go:348.2,348.17 1 1
github.com/mrz1836/go-coverage/internal/history/tracker.go:348.17,349.53 1 1
github.com/mrz1836/go-coverage/internal/history/tracker.go:349.53,351.4 1 0
github.com/mrz1836/go-coverage/internal/history/tracker.go:354.2,354.12 1 1
github.com/mrz1836/go-coverage/internal/history/tracker.go:358.75,359.9 1 2
github.com/mrz1836/go-coverage/internal/history/tracker.go:360.20,361.24 1 0
github.com/mrz1836/go-coverage/internal/history/tracker.go:362.10,362.10 0 2
github.com/mrz1836/go-coverage/internal/history/tracker.go:365.2,366.16 2 2
github.com/mrz1836/go-coverage/internal/history/tracker.go:366.16,368.3 1 0
github.com/mrz1836/go-coverage/internal/history/tracker.go:370.2,378.22 2 2
github.com/mrz1836/go-coverage/internal/history/tracker.go:378.22,382.33 3 1
github.com/mrz1836/go-coverage/internal/history/tracker.go:382.33,383.60 1 3
github.com/mrz1836/go-coverage/internal/history/tracker.go:383.60,385.5 1 3
github.com/mrz1836/go-coverage/internal/history/tracker.go:386.4,386.40 1 3
github.com/mrz1836/go-coverage/internal/history/tracker.go:390.2,390.19 1 2
github.com/mrz1836/go-coverage/internal/history/tracker.go:395.62,399.53 2 2
github.com/mrz1836/go-coverage/internal/history/tracker.go:399.53,401.3 1 1
github.com/mrz1836/go-coverage/internal/history/tracker.go:403.2,403.59 1 1
github.com/mrz1836/go-coverage/internal/history/tracker.go:407.70,408.9 1 26
github.com/mrz1836/go-coverage/internal/history/tracker.go:409.20,410.19 1 0
github.com/mrz1836/go-coverage/internal/history/tracker.go:411.10,411.10 0 26
github.com/mrz1836/go-coverage/internal/history/tracker.go:415.2,415.18 1 26
github.com/mrz1836/go-coverage/internal/history/tracker.go:415.18,417.3 1 0
github.com/mrz1836/go-coverage/internal/history/tracker.go:418.2,418.27 1 26
github.com/mrz1836/go-coverage/internal/history/tracker.go:418.27,420.3 1 0
github.com/mrz1836/go-coverage/internal/history/tracker.go:423.2,423.45 1 26
github.com/mrz1836/go-coverage/internal/history/tracker.go:423.45,425.3 1 0
github.com/mrz1836/go-coverage/internal/history/tracker.go:428.2,432.27 3 26
github.com/mrz1836/go-coverage/internal/history/tracker.go:432.27,434.3 1 0
github.com/mrz1836/go-coverage/internal/history/tracker.go:435.2,440.45 4 26
github.com/mrz1836/go-coverage/internal/history/tracker.go:440.45,442.3 1 0
github.com/mrz1836/go-coverage/internal/history/tracker.go:445.2,446.16 2 26
github.com/mrz1836/go-coverage/internal/history/tracker.go:446.16,448.3 1 0
github.com/mrz1836/go-coverage/internal/history/tracker.go:451.2,451.20 1 26
github.com/mrz1836/go-coverage/internal/history/tracker.go:451.20,453.3 1 0
github.com/mrz1836/go-coverage/internal/history/tracker.go:456.2,456.60 1 26
github.com/mrz1836/go-coverage/internal/history/tracker.go:456.60,458.3 1 0
github.com/mrz1836/go-coverage/internal/history/tracker.go:461.2,461.48 1 26
github.com/mrz1836/go-coverage/internal/history/tracker.go:461.48,463.3 1 0
github.com/mrz1836/go-coverage/internal/history/tracker.go:463.8,463.29 1 26
github.com/mrz1836/go-coverage/internal/history/tracker.go:463.29,465.3 1 0
github.com/mrz1836/go-coverage/internal/history/tracker.go:465.8,465.44 1 26
github.com/mrz1836/go-coverage/internal/history/tracker.go:465.44,467.3 1 0
github.com/mrz1836/go-coverage/internal/history/tracker.go:469.2,469.12 1 26
github.com/mrz1836/go-coverage/internal/history/tracker.go:473.89,475.16 2 7
github.com/mrz1836/go-coverage/internal/history/tracker.go:475.16,477.3 1 0
github.com/mrz1836/go-coverage/internal/history/tracker.go:480.2,481.32 2 7
github.com/mrz1836/go-coverage/internal/history/tracker.go:481.32,482.34 1 14
github.com/mrz1836/go-coverage/internal/history/tracker.go:482.34,484.4 1 14
github.com/mrz1836/go-coverage/internal/history/tracker.go:488.2,490.33 3 7
github.com/mrz1836/go-coverage/internal/history/tracker.go:490.33,491.36 1 14
github.com/mrz1836/go-coverage/internal/history/tracker.go:491.36,493.4 1 14
github.com/mrz1836/go-coverage/internal/history/tracker.go:497.2,497.34 1 7
github.com/mrz1836/go-coverage/internal/history/tracker.go:497.34,499.3 1 1
github.com/mrz1836/go-coverage/internal/history/tracker.go:501.2,501.20 1 7
github.com/mrz1836/go-coverage/internal/history/tracker.go:505.72,506.45 1 10
github.com/mrz1836/go-coverage/internal/history/tracker.go:506.45,508.3 1 0
github.com/mrz1836/go-coverage/internal/history/tracker.go:510.2,511.16 2 10
github.com/mrz1836/go-coverage/internal/history/tracker.go:511.16,513.3 1 0
github.com/mrz1836/go-coverage/internal/history/tracker.go:515.2,516.29 2 10
github.com/mrz1836/go-coverage/internal/history/tracker.go:516.29,517.10 1 20
github.com/mrz1836/go-coverage/internal/history/tracker.go:518.21,519.25 1 0
github.com/mrz1836/go-coverage/internal/history/tracker.go:520.11,520.11 0 20
github.com/mrz1836/go-coverage/internal/history/tracker.go:523.3,524.17 2 20
github.com/mrz1836/go-coverage/internal/history/tracker.go:524.17,525.12 1 0
github.com/mrz1836/go-coverage/internal/history/tracker.go:528.3,529.54 2 20
github.com/mrz1836/go-coverage/internal/history/tracker.go:529.54,530.12 1 0
github.com/mrz1836/go-coverage/internal/history/tracker.go:533.3,533.35 1 20
github.com/mrz1836/go-coverage/internal/history/tracker.go:537.2,537.48 1 10
github.com/mrz1836/go-coverage/internal/history/tracker.go:537.48,539.3 1 27
github.com/mrz1836/go-coverage/internal/history/tracker.go:541.2,541.21 1 10
github.com/mrz1836/go-coverage/internal/history/tracker.go:545.78,548.16 2 1
github.com/mrz1836/go-coverage/internal/history/tracker.go:548.16,550.3 1 0
github.com/mrz1836/go-coverage/internal/history/tracker.go:552.2,552.29 1 1
github.com/mrz1836/go-coverage/internal/history/tracker.go:552.29,554.3 1 3
github.com/mrz1836/go-coverage/internal/history/tracker.go:557.2,557.32 1 1
github.com/mrz1836/go-coverage/internal/history/tracker.go:557.32,558.10 1 2
github.com/mrz1836/go-coverage/internal/history/tracker.go:559.21,560.20 1 0
github.com/mrz1836/go-coverage/internal/history/tracker.go:561.11,561.11 0 2
github.com/mrz1836/go-coverage/internal/history/tracker.go:564.3,564.50 1 2
github.com/mrz1836/go-coverage/internal/history/tracker.go:564.50,566.4 1 0
github.com/mrz1836/go-coverage/internal/history/tracker.go:569.2,569.12 1 1
github.com/mrz1836/go-coverage/internal/history/tracker.go:574.44,575.32 1 36
github.com/mrz1836/go-coverage/internal/history/tracker.go:575.32,577.3 1 0
github.com/mrz1836/go-coverage/internal/history/tracker.go:580.2,581.34 2 36
github.com/mrz1836/go-coverage/internal/history/tracker.go:581.34,583.60 1 0
github.com/mrz1836/go-coverage/internal/history/tracker.go:583.60,585.4 1 0
github.com/mrz1836/go-coverage/internal/history/tracker.go:587.3,587.37 1 0
github.com/mrz1836/go-coverage/internal/history/tracker.go:591.2,591.51 1 36
github.com/mrz1836/go-coverage/internal/history/tracker.go:591.51,592.20 1 36
github.com/mrz1836/go-coverage/internal/history/tracker.go:592.20,594.4 1 0
github.com/mrz1836/go-coverage/internal/history/tracker.go:596.3,597.71 2 36
github.com/mrz1836/go-coverage/internal/history/tracker.go:597.71,599.4 1 0
github.com/mrz1836/go-coverage/internal/history/tracker.go:600.3,601.13 2 36
github.com/mrz1836/go-coverage/internal/history/tracker.go:605.2,605.56 1 0
github.com/mrz1836/go-coverage/internal/history/tracker.go:605.56,607.3 1 0
github.com/mrz1836/go-coverage/internal/history/tracker.go:610.2,610.51 1 0
github.com/mrz1836/go-coverage/internal/history/tracker.go:610.51,612.3 1 0
github.com/mrz1836/go-coverage/internal/history/tracker.go:612.8,612.26 1 0
github.com/mrz1836/go-coverage/internal/history/tracker.go:612.26,614.3 1 0
github.com/mrz1836/go-coverage/internal/history/tracker.go:616.2,616.12 1 0
github.com/mrz1836/go-coverage/internal/history/tracker.go:619.57,622.18 3 37
github.com/mrz1836/go-coverage/internal/history/tracker.go:622.18,624.3 1 3
github.com/mrz1836/go-coverage/internal/history/tracker.go:626.2,629.21 3 37
github.com/mrz1836/go-coverage/internal/history/tracker.go:629.21,631.3 1 1
github.com/mrz1836/go-coverage/internal/history/tracker.go:634.2,634.24 1 37
github.com/mrz1836/go-coverage/internal/history/tracker.go:634.24,636.3 1 17
github.com/mrz1836/go-coverage/internal/history/tracker.go:637.2,637.67 1 37
github.com/mrz1836/go-coverage/internal/history/tracker.go:641.60,655.21 10 50
github.com/mrz1836/go-coverage/internal/history/tracker.go:655.21,657.3 1 1
github.com/mrz1836/go-coverage/internal/history/tracker.go:659.2,659.18 1 49
github.com/mrz1836/go-coverage/internal/history/tracker.go:662.88,665.40 2 25
github.com/mrz1836/go-coverage/internal/history/tracker.go:665.40,666.35 1 25
github.com/mrz1836/go-coverage/internal/history/tracker.go:666.35,668.4 1 25
github.com/mrz1836/go-coverage/internal/history/tracker.go:670.2,670.15 1 25
github.com/mrz1836/go-coverage/internal/history/tracker.go:673.114,676.43 2 24
github.com/mrz1836/go-coverage/internal/history/tracker.go:676.43,687.3 1 24
github.com/mrz1836/go-coverage/internal/history/tracker.go:689.2,689.14 1 24
github.com/mrz1836/go-coverage/internal/history/tracker.go:692.67,693.23 1 2
github.com/mrz1836/go-coverage/internal/history/tracker.go:693.23,695.3 1 0
github.com/mrz1836/go-coverage/internal/history/tracker.go:697.2,701.32 4 2
github.com/mrz1836/go-coverage/internal/history/tracker.go:701.32,703.41 2 10
github.com/mrz1836/go-coverage/internal/history/tracker.go:703.41,705.4 1 8
github.com/mrz1836/go-coverage/internal/history/tracker.go:706.3,706.41 1 10
github.com/mrz1836/go-coverage/internal/history/tracker.go:706.41,708.4 1 0
github.com/mrz1836/go-coverage/internal/history/tracker.go:711.2,712.23 2 2
github.com/mrz1836/go-coverage/internal/history/tracker.go:712.23,715.21 3 2
github.com/mrz1836/go-coverage/internal/history/tracker.go:715.21,717.4 1 2
github.com/mrz1836/go-coverage/internal/history/tracker.go:717.9,717.28 1 0
github.com/mrz1836/go-coverage/internal/history/tracker.go:717.28,719.4 1 0
github.com/mrz1836/go-coverage/internal/history/tracker.go:722.2,731.3 1 2
github.com/mrz1836/go-coverage/internal/history/tracker.go:734.66,743.2 1 2
github.com/mrz1836/go-coverage/internal/history/tracker.go:745.76,749.32 3 6
github.com/mrz1836/go-coverage/internal/history/tracker.go:749.32,750.36 1 30
github.com/mrz1836/go-coverage/internal/history/tracker.go:750.36,752.4 1 30
github.com/mrz1836/go-coverage/internal/history/tracker.go:755.2,755.28 1 6
github.com/mrz1836/go-coverage/internal/history/tracker.go:755.28,761.3 1 0
github.com/mrz1836/go-coverage/internal/history/tracker.go:763.2,769.18 6 6
github.com/mrz1836/go-coverage/internal/history/tracker.go:769.18,771.3 1 6
github.com/mrz1836/go-coverage/internal/history/tracker.go:771.8,771.26 1 0
github.com/mrz1836/go-coverage/internal/history/tracker.go:771.26,773.3 1 0
github.com/mrz1836/go-coverage/internal/history/tracker.go:775.2,784.3 1 6
github.com/mrz1836/go-coverage/internal/history/tracker.go:787.64,788.22 1 5
github.com/mrz1836/go-coverage/internal/history/tracker.go:788.22,790.3 1 2
github.com/mrz1836/go-coverage/internal/history/tracker.go:792.2,793.32 2 3
github.com/mrz1836/go-coverage/internal/history/tracker.go:793.32,795.3 1 13
github.com/mrz1836/go-coverage/internal/history/tracker.go:796.2,799.32 3 3
github.com/mrz1836/go-coverage/internal/history/tracker.go:799.32,802.3 2 13
github.com/mrz1836/go-coverage/internal/history/tracker.go:803.2,805.17 2 3
github.com/mrz1836/go-coverage/internal/history/tracker.go:808.62,809.22 1 7
github.com/mrz1836/go-coverage/internal/history/tracker.go:809.22,811.3 1 1
github.com/mrz1836/go-coverage/internal/history/tracker.go:814.2,821.40 6 6
github.com/mrz1836/go-coverage/internal/history/tracker.go:824.67,825.22 1 2
github.com/mrz1836/go-coverage/internal/history/tracker.go:825.22,827.3 1 0
github.com/mrz1836/go-coverage/internal/history/tracker.go:830.2,850.3 5 2
github.com/mrz1836/go-coverage/internal/history/tracker.go:853.48,856.16 3 2
github.com/mrz1836/go-coverage/internal/history/tracker.go:856.16,858.3 1 0
github.com/mrz1836/go-coverage/internal/history/tracker.go:860.2,860.29 1 2
github.com/mrz1836/go-coverage/internal/history/tracker.go:860.29,861.45 1 3
github.com/mrz1836/go-coverage/internal/history/tracker.go:861.45,863.4 1 3
github.com/mrz1836/go-coverage/internal/history/tracker.go:866.2,866.13 1 2
github.com/mrz1836/go-coverage/internal/history/tracker.go:904.39,905.35 1 23
github.com/mrz1836/go-coverage/internal/history/tracker.go:905.35,907.3 1 23
github.com/mrz1836/go-coverage/internal/history/tracker.go:911.41,912.35 1 19
github.com/mrz1836/go-coverage/internal/history/tracker.go:912.35,915.3 2 19
github.com/mrz1836/go-coverage/internal/history/tracker.go:919.45,920.35 1 6
github.com/mrz1836/go-coverage/internal/history/tracker.go:920.35,921.27 1 6
github.com/mrz1836/go-coverage/internal/history/tracker.go:921.27,923.4 1 1
github.com/mrz1836/go-coverage/internal/history/tracker.go:924.3,924.29 1 6
github.com/mrz1836/go-coverage/internal/history/tracker.go:929.44,930.35 1 2
github.com/mrz1836/go-coverage/internal/history/tracker.go:930.35,932.3 1 2
github.com/mrz1836/go-coverage/internal/history/tracker.go:936.49,937.34 1 3
github.com/mrz1836/go-coverage/internal/history/tracker.go:937.34,939.3 1 3
github.com/mrz1836/go-coverage/internal/history/tracker.go:943.42,944.34 1 2
github.com/mrz1836/go-coverage/internal/history/tracker.go:944.34,946.3 1 2
github.com/mrz1836/go-coverage/internal/history/tracker.go:950.51,951.34 1 2
github.com/mrz1836/go-coverage/internal/history/tracker.go:951.34,953.3 1 2
github.com/mrz1836/go-coverage/internal/templates/pr_templates.go:266.68,267.19 1 80
github.com/mrz1836/go-coverage/internal/templates/pr_templates.go:267.19,286.3 1 12
github.com/mrz1836/go-coverage/internal/templates/pr_templates.go:288.2,296.15 3 80
github.com/mrz1836/go-coverage/internal/templates/pr_templates.go:300.107,308.35 3 3
github.com/mrz1836/go-coverage/internal/templates/pr_templates.go:308.35,315.3 1 0
github.com/mrz1836/go-coverage/internal/templates/pr_templates.go:315.8,318.3 1 3
github.com/mrz1836/go-coverage/internal/templates/pr_templates.go:321.2,322.13 2 3
github.com/mrz1836/go-coverage/internal/templates/pr_templates.go:322.13,324.3 1 0
github.com/mrz1836/go-coverage/internal/templates/pr_templates.go:327.2,328.49 2 3
github.com/mrz1836/go-coverage/internal/templates/pr_templates.go:328.49,330.3 1 0
github.com/mrz1836/go-coverage/internal/templates/pr_templates.go:332.2,332.26 1 3
github.com/mrz1836/go-coverage/internal/templates/pr_templates.go:336.63,337.18 1 4
github.com/mrz1836/go-coverage/internal/templates/pr_templates.go:337.18,339.3 1 1
github.com/mrz1836/go-coverage/internal/templates/pr_templates.go:340.2,340.12 1 3
github.com/mrz1836/go-coverage/internal/templates/pr_templates.go:344.50,349.2 2 80
github.com/mrz1836/go-coverage/internal/templates/pr_templates.go:352.69,408.2 1 82
github.com/mrz1836/go-coverage/internal/templates/pr_templates.go:412.64,416.2 1 13
github.com/mrz1836/go-coverage/internal/templates/pr_templates.go:418.63,419.15 1 9
github.com/mrz1836/go-coverage/internal/templates/pr_templates.go:419.15,421.3 1 7
github.com/mrz1836/go-coverage/internal/templates/pr_templates.go:421.8,421.22 1 2
github.com/mrz1836/go-coverage/internal/templates/pr_templates.go:421.22,423.3 1 1
github.com/mrz1836/go-coverage/internal/templates/pr_templates.go:424.2,424.17 1 1
github.com/mrz1836/go-coverage/internal/templates/pr_templates.go:427.59,428.22 1 9
github.com/mrz1836/go-coverage/internal/templates/pr_templates.go:428.22,430.3 1 1
github.com/mrz1836/go-coverage/internal/templates/pr_templates.go:430.8,430.26 1 8
github.com/mrz1836/go-coverage/internal/templates/pr_templates.go:430.26,432.3 1 1
github.com/mrz1836/go-coverage/internal/templates/pr_templates.go:433.2,433.33 1 7
github.com/mrz1836/go-coverage/internal/templates/pr_templates.go:436.61,437.29 1 12
github.com/mrz1836/go-coverage/internal/templates/pr_templates.go:437.29,439.3 1 1
github.com/mrz1836/go-coverage/internal/templates/pr_templates.go:441.2,441.15 1 11
github.com/mrz1836/go-coverage/internal/templates/pr_templates.go:442.17,443.39 1 0
github.com/mrz1836/go-coverage/internal/templates/pr_templates.go:444.17,445.38 1 9
github.com/mrz1836/go-coverage/internal/templates/pr_templates.go:446.11,447.41 1 0
github.com/mrz1836/go-coverage/internal/templates/pr_templates.go:448.16,449.39 1 0
github.com/mrz1836/go-coverage/internal/templates/pr_templates.go:450.10,451.15 1 2
github.com/mrz1836/go-coverage/internal/templates/pr_templates.go:455.64,457.2 1 1
github.com/mrz1836/go-coverage/internal/templates/pr_templates.go:459.62,460.29 1 13
github.com/mrz1836/go-coverage/internal/templates/pr_templates.go:460.29,462.3 1 1
github.com/mrz1836/go-coverage/internal/templates/pr_templates.go:464.2,464.16 1 12
github.com/mrz1836/go-coverage/internal/templates/pr_templates.go:465.19,466.16 1 2
github.com/mrz1836/go-coverage/internal/templates/pr_templates.go:467.14,468.16 1 5
github.com/mrz1836/go-coverage/internal/templates/pr_templates.go:469.17,470.16 1 2
github.com/mrz1836/go-coverage/internal/templates/pr_templates.go:471.18,472.16 1 2
github.com/mrz1836/go-coverage/internal/templates/pr_templates.go:473.10,474.15 1 1
github.com/mrz1836/go-coverage/internal/templates/pr_templates.go:478.64,479.29 1 19
github.com/mrz1836/go-coverage/internal/templates/pr_templates.go:479.29,481.3 1 1
github.com/mrz1836/go-coverage/internal/templates/pr_templates.go:483.2,483.19 1 18
github.com/mrz1836/go-coverage/internal/templates/pr_templates.go:484.41,485.16 1 12
github.com/mrz1836/go-coverage/internal/templates/pr_templates.go:486.38,487.16 1 3
github.com/mrz1836/go-coverage/internal/templates/pr_templates.go:488.23,489.16 1 1
github.com/mrz1836/go-coverage/internal/templates/pr_templates.go:490.18,491.16 1 1
github.com/mrz1836/go-coverage/internal/templates/pr_templates.go:492.10,493.16 1 1
github.com/mrz1836/go-coverage/internal/templates/pr_templates.go:497.58,498.29 1 6
github.com/mrz1836/go-coverage/internal/templates/pr_templates.go:498.29,500.3 1 1
github.com/mrz1836/go-coverage/internal/templates/pr_templates.go:502.2,502.14 1 5
github.com/mrz1836/go-coverage/internal/templates/pr_templates.go:503.32,504.16 1 2
github.com/mrz1836/go-coverage/internal/templates/pr_templates.go:505.22,506.18 1 1
github.com/mrz1836/go-coverage/internal/templates/pr_templates.go:507.19,508.15 1 1
github.com/mrz1836/go-coverage/internal/templates/pr_templates.go:509.10,510.18 1 1
github.com/mrz1836/go-coverage/internal/templates/pr_templates.go:514.60,515.29 1 9
github.com/mrz1836/go-coverage/internal/templates/pr_templates.go:515.29,517.3 1 1
github.com/mrz1836/go-coverage/internal/templates/pr_templates.go:519.2,519.15 1 8
github.com/mrz1836/go-coverage/internal/templates/pr_templates.go:520.12,521.16 1 1
github.com/mrz1836/go-coverage/internal/templates/pr_templates.go:522.11,523.16 1 1
github.com/mrz1836/go-coverage/internal/templates/pr_templates.go:524.17,525.16 1 2
github.com/mrz1836/go-coverage/internal/templates/pr_templates.go:526.11,527.16 1 1
github.com/mrz1836/go-coverage/internal/templates/pr_templates.go:528.11,529.18 1 1
github.com/mrz1836/go-coverage/internal/templates/pr_templates.go:530.11,531.16 1 1
github.com/mrz1836/go-coverage/internal/templates/pr_templates.go:532.10,533.16 1 1
github.com/mrz1836/go-coverage/internal/templates/pr_templates.go:537.66,538.29 1 5
github.com/mrz1836/go-coverage/internal/templates/pr_templates.go:538.29,540.3 1 1
github.com/mrz1836/go-coverage/internal/templates/pr_templates.go:542.2,542.18 1 4
github.com/mrz1836/go-coverage/internal/templates/pr_templates.go:543.20,544.16 1 1
github.com/mrz1836/go-coverage/internal/templates/pr_templates.go:545.22,546.16 1 1
github.com/mrz1836/go-coverage/internal/templates/pr_templates.go:547.19,548.16 1 1
github.com/mrz1836/go-coverage/internal/templates/pr_templates.go:549.10,550.18 1 1
github.com/mrz1836/go-coverage/internal/templates/pr_templates.go:554.83,555.35 1 15
github.com/mrz1836/go-coverage/internal/templates/pr_templates.go:555.35,557.3 1 1
github.com/mrz1836/go-coverage/internal/templates/pr_templates.go:559.2,559.16 1 14
github.com/mrz1836/go-coverage/internal/templates/pr_templates.go:559.16,561.3 1 2
github.com/mrz1836/go-coverage/internal/templates/pr_templates.go:563.2,564.20 2 14
github.com/mrz1836/go-coverage/internal/templates/pr_templates.go:564.20,566.3 1 1
github.com/mrz1836/go-coverage/internal/templates/pr_templates.go:566.8,566.27 1 13
github.com/mrz1836/go-coverage/internal/templates/pr_templates.go:566.27,568.3 1 1
github.com/mrz1836/go-coverage/internal/templates/pr_templates.go:570.2,574.47 4 14
github.com/mrz1836/go-coverage/internal/templates/pr_templates.go:577.67,579.2 1 3
github.com/mrz1836/go-coverage/internal/templates/pr_templates.go:581.57,582.29 1 13
github.com/mrz1836/go-coverage/internal/templates/pr_templates.go:582.29,584.3 1 1
github.com/mrz1836/go-coverage/internal/templates/pr_templates.go:587.2,588.27 2 12
github.com/mrz1836/go-coverage/internal/templates/pr_templates.go:589.15,591.14 1 6
github.com/mrz1836/go-coverage/internal/templates/pr_templates.go:591.14,593.4 1 1
github.com/mrz1836/go-coverage/internal/templates/pr_templates.go:594.3,594.14 1 5
github.com/mrz1836/go-coverage/internal/templates/pr_templates.go:594.14,596.4 1 4
github.com/mrz1836/go-coverage/internal/templates/pr_templates.go:597.3,597.16 1 1
github.com/mrz1836/go-coverage/internal/templates/pr_templates.go:598.17,599.13 1 5
github.com/mrz1836/go-coverage/internal/templates/pr_templates.go:600.10,601.12 1 1
github.com/mrz1836/go-coverage/internal/templates/pr_templates.go:604.2,604.22 1 5
github.com/mrz1836/go-coverage/internal/templates/pr_templates.go:604.22,606.3 1 1
github.com/mrz1836/go-coverage/internal/templates/pr_templates.go:609.2,611.27 3 4
github.com/mrz1836/go-coverage/internal/templates/pr_templates.go:611.27,612.17 1 10
github.com/mrz1836/go-coverage/internal/templates/pr_templates.go:612.17,614.4 1 4
github.com/mrz1836/go-coverage/internal/templates/pr_templates.go:615.3,615.17 1 10
github.com/mrz1836/go-coverage/internal/templates/pr_templates.go:615.17,617.4 1 0
github.com/mrz1836/go-coverage/internal/templates/pr_templates.go:620.2,620.22 1 4
github.com/mrz1836/go-coverage/internal/templates/pr_templates.go:620.22,622.3 1 2
github.com/mrz1836/go-coverage/internal/templates/pr_templates.go:624.2,625.27 2 2
github.com/mrz1836/go-coverage/internal/templates/pr_templates.go:625.27,627.23 2 6
github.com/mrz1836/go-coverage/internal/templates/pr_templates.go:627.23,629.4 1 2
github.com/mrz1836/go-coverage/internal/templates/pr_templates.go:629.9,629.30 1 4
github.com/mrz1836/go-coverage/internal/templates/pr_templates.go:629.30,631.4 1 0
github.com/mrz1836/go-coverage/internal/templates/pr_templates.go:631.9,631.30 1 4
github.com/mrz1836/go-coverage/internal/templates/pr_templates.go:631.30,633.4 1 2
github.com/mrz1836/go-coverage/internal/templates/pr_templates.go:633.9,633.30 1 2
github.com/mrz1836/go-coverage/internal/templates/pr_templates.go:633.30,635.4 1 0
github.com/mrz1836/go-coverage/internal/templates/pr_templates.go:635.9,637.4 1 2
github.com/mrz1836/go-coverage/internal/templates/pr_templates.go:640.2,640.23 1 2
github.com/mrz1836/go-coverage/internal/templates/pr_templates.go:643.85,646.29 2 7
github.com/mrz1836/go-coverage/internal/templates/pr_templates.go:646.29,648.96 1 13
github.com/mrz1836/go-coverage/internal/templates/pr_templates.go:648.96,649.12 1 2
github.com/mrz1836/go-coverage/internal/templates/pr_templates.go:652.3,652.36 1 11
github.com/mrz1836/go-coverage/internal/templates/pr_templates.go:656.2,656.45 1 7
github.com/mrz1836/go-coverage/internal/templates/pr_templates.go:656.45,658.3 1 2
github.com/mrz1836/go-coverage/internal/templates/pr_templates.go:660.2,660.17 1 7
github.com/mrz1836/go-coverage/internal/templates/pr_templates.go:663.97,666.31 2 3
github.com/mrz1836/go-coverage/internal/templates/pr_templates.go:666.31,668.94 1 10
github.com/mrz1836/go-coverage/internal/templates/pr_templates.go:668.94,669.12 1 1
github.com/mrz1836/go-coverage/internal/templates/pr_templates.go:672.3,672.35 1 9
github.com/mrz1836/go-coverage/internal/templates/pr_templates.go:676.2,676.48 1 3
github.com/mrz1836/go-coverage/internal/templates/pr_templates.go:676.48,678.3 1 1
github.com/mrz1836/go-coverage/internal/templates/pr_templates.go:680.2,680.17 1 3
github.com/mrz1836/go-coverage/internal/templates/pr_templates.go:683.109,685.69 1 5
github.com/mrz1836/go-coverage/internal/templates/pr_templates.go:685.69,688.3 2 6
github.com/mrz1836/go-coverage/internal/templates/pr_templates.go:691.2,691.56 1 5
github.com/mrz1836/go-coverage/internal/templates/pr_templates.go:691.56,693.3 1 1
github.com/mrz1836/go-coverage/internal/templates/pr_templates.go:695.2,695.24 1 5
github.com/mrz1836/go-coverage/internal/templates/pr_templates.go:698.89,702.58 3 1
github.com/mrz1836/go-coverage/internal/templates/pr_templates.go:702.58,708.3 2 10
github.com/mrz1836/go-coverage/internal/templates/pr_templates.go:710.2,710.15 1 1
github.com/mrz1836/go-coverage/internal/templates/pr_templates.go:713.86,717.58 3 1
github.com/mrz1836/go-coverage/internal/templates/pr_templates.go:717.58,719.3 1 6
github.com/mrz1836/go-coverage/internal/templates/pr_templates.go:721.2,721.15 1 1
github.com/mrz1836/go-coverage/internal/templates/pr_templates.go:724.63,726.2 1 6
github.com/mrz1836/go-coverage/internal/templates/pr_templates.go:728.62,730.2 1 3
github.com/mrz1836/go-coverage/internal/templates/pr_templates.go:732.62,734.2 1 6
github.com/mrz1836/go-coverage/internal/templates/pr_templates.go:736.60,738.2 1 5
github.com/mrz1836/go-coverage/internal/templates/pr_templates.go:740.68,742.2 1 4
github.com/mrz1836/go-coverage/internal/templates/pr_templates.go:744.66,745.22 1 5
github.com/mrz1836/go-coverage/internal/templates/pr_templates.go:745.22,747.3 1 3
github.com/mrz1836/go-coverage/internal/templates/pr_templates.go:748.2,748.29 1 2
github.com/mrz1836/go-coverage/internal/templates/pr_templates.go:751.81,752.16 1 4
github.com/mrz1836/go-coverage/internal/templates/pr_templates.go:752.16,754.3 1 1
github.com/mrz1836/go-coverage/internal/templates/pr_templates.go:755.2,755.15 1 3
github.com/mrz1836/go-coverage/internal/templates/pr_templates.go:758.56,759.17 1 8
github.com/mrz1836/go-coverage/internal/templates/pr_templates.go:759.17,761.3 1 1
github.com/mrz1836/go-coverage/internal/templates/pr_templates.go:762.2,762.39 1 7
github.com/mrz1836/go-coverage/internal/templates/pr_templates.go:765.54,770.29 4 3
github.com/mrz1836/go-coverage/internal/templates/pr_templates.go:770.29,772.3 1 3
github.com/mrz1836/go-coverage/internal/templates/pr_templates.go:773.2,773.33 1 3
github.com/mrz1836/go-coverage/internal/templates/pr_templates.go:776.57,778.2 1 4
github.com/mrz1836/go-coverage/internal/templates/pr_templates.go:780.59,782.2 1 1
github.com/mrz1836/go-coverage/internal/templates/pr_templates.go:784.46,786.2 1 1
github.com/mrz1836/go-coverage/internal/templates/pr_templates.go:788.65,789.27 1 9
github.com/mrz1836/go-coverage/internal/templates/pr_templates.go:790.26,791.19 1 5
github.com/mrz1836/go-coverage/internal/templates/pr_templates.go:791.19,793.4 1 1
github.com/mrz1836/go-coverage/internal/templates/pr_templates.go:794.3,794.16 1 5
github.com/mrz1836/go-coverage/internal/templates/pr_templates.go:794.16,796.4 1 1
github.com/mrz1836/go-coverage/internal/templates/pr_templates.go:797.3,797.19 1 5
github.com/mrz1836/go-coverage/internal/templates/pr_templates.go:797.19,799.4 1 1
github.com/mrz1836/go-coverage/internal/templates/pr_templates.go:800.3,800.22 1 4
github.com/mrz1836/go-coverage/internal/templates/pr_templates.go:801.29,802.19 1 1
github.com/mrz1836/go-coverage/internal/templates/pr_templates.go:802.19,804.4 1 0
github.com/mrz1836/go-coverage/internal/templates/pr_templates.go:805.3,805.16 1 1
github.com/mrz1836/go-coverage/internal/templates/pr_templates.go:805.16,807.4 1 0
github.com/mrz1836/go-coverage/internal/templates/pr_templates.go:808.3,808.19 1 1
github.com/mrz1836/go-coverage/internal/templates/pr_templates.go:808.19,810.4 1 0
github.com/mrz1836/go-coverage/internal/templates/pr_templates.go:811.3,811.22 1 1
github.com/mrz1836/go-coverage/internal/templates/pr_templates.go:812.28,813.19 1 1
github.com/mrz1836/go-coverage/internal/templates/pr_templates.go:813.19,815.4 1 0
github.com/mrz1836/go-coverage/internal/templates/pr_templates.go:816.3,816.16 1 1
github.com/mrz1836/go-coverage/internal/templates/pr_templates.go:816.16,818.4 1 0
github.com/mrz1836/go-coverage/internal/templates/pr_templates.go:819.3,819.19 1 1
github.com/mrz1836/go-coverage/internal/templates/pr_templates.go:819.19,821.4 1 0
github.com/mrz1836/go-coverage/internal/templates/pr_templates.go:822.3,822.22 1 1
github.com/mrz1836/go-coverage/internal/templates/pr_templates.go:823.16,824.19 1 1
github.com/mrz1836/go-coverage/internal/templates/pr_templates.go:824.19,826.4 1 0
github.com/mrz1836/go-coverage/internal/templates/pr_templates.go:827.3,827.16 1 1
github.com/mrz1836/go-coverage/internal/templates/pr_templates.go:827.16,829.4 1 0
github.com/mrz1836/go-coverage/internal/templates/pr_templates.go:830.3,830.19 1 1
github.com/mrz1836/go-coverage/internal/templates/pr_templates.go:830.19,832.4 1 0
github.com/mrz1836/go-coverage/internal/templates/pr_templates.go:833.3,833.22 1 1
github.com/mrz1836/go-coverage/internal/templates/pr_templates.go:834.10,835.15 1 1
github.com/mrz1836/go-coverage/internal/templates/pr_templates.go:839.50,840.27 1 8
github.com/mrz1836/go-coverage/internal/templates/pr_templates.go:841.26,842.16 1 1
github.com/mrz1836/go-coverage/internal/templates/pr_templates.go:843.29,844.16 1 1
github.com/mrz1836/go-coverage/internal/templates/pr_templates.go:845.28,846.16 1 1
github.com/mrz1836/go-coverage/internal/templates/pr_templates.go:847.16,848.16 1 1
github.com/mrz1836/go-coverage/internal/templates/pr_templates.go:849.14,850.16 1 2
github.com/mrz1836/go-coverage/internal/templates/pr_templates.go:851.10,852.11 1 2
github.com/mrz1836/go-coverage/internal/templates/pr_templates.go:857.82,860.16 3 2
github.com/mrz1836/go-coverage/internal/templates/pr_templates.go:860.16,862.3 1 1
github.com/mrz1836/go-coverage/internal/templates/pr_templates.go:864.2,865.12 2 1
github.com/mrz1836/go-coverage/internal/templates/pr_templates.go:869.61,871.2 1 1
github.com/mrz1836/go-coverage/internal/templates/template_definitions.go:180.62,218.2 1 2
github.com/mrz1836/go-coverage/internal/templates/template_definitions.go:223.54,261.2 1 4
github.com/mrz1836/go-coverage/internal/templates/templates.go:158.53,182.2 3 7
github.com/mrz1836/go-coverage/internal/templates/templates.go:194.96,196.2 1 1
github.com/mrz1836/go-coverage/internal/templates/templates.go:199.90,201.2 1 1
github.com/mrz1836/go-coverage/internal/templates/templates.go:204.98,206.2 1 1
github.com/mrz1836/go-coverage/internal/templates/templates.go:209.92,211.2 1 1
github.com/mrz1836/go-coverage/internal/templates/templates.go:214.77,217.2 2 1
github.com/mrz1836/go-coverage/internal/templates/templates.go:220.66,222.2 1 1
github.com/mrz1836/go-coverage/internal/templates/templates.go:226.36,228.2 1 6
github.com/mrz1836/go-coverage/internal/templates/templates.go:230.41,232.2 1 18
github.com/mrz1836/go-coverage/internal/templates/templates.go:234.37,236.2 1 1
github.com/mrz1836/go-coverage/internal/templates/templates.go:238.48,239.9 1 13
github.com/mrz1836/go-coverage/internal/templates/templates.go:240.22,241.19 1 2
github.com/mrz1836/go-coverage/internal/templates/templates.go:242.22,243.19 1 4
github.com/mrz1836/go-coverage/internal/templates/templates.go:244.22,245.19 1 2
github.com/mrz1836/go-coverage/internal/templates/templates.go:246.22,247.19 1 2
github.com/mrz1836/go-coverage/internal/templates/templates.go:248.10,249.19 1 3
github.com/mrz1836/go-coverage/internal/templates/templates.go:253.42,255.2 1 1
github.com/mrz1836/go-coverage/internal/templates/templates.go:258.24,258.40 1 4
github.com/mrz1836/go-coverage/internal/templates/templates.go:260.24,260.40 1 4
github.com/mrz1836/go-coverage/internal/templates/templates.go:262.32,262.48 1 4
github.com/mrz1836/go-coverage/internal/templates/templates.go:264.28,265.12 1 5
github.com/mrz1836/go-coverage/internal/templates/templates.go:265.12,267.3 1 1
github.com/mrz1836/go-coverage/internal/templates/templates.go:268.2,268.32 1 4
github.com/mrz1836/go-coverage/internal/templates/templates.go:274.47,275.31 1 5
github.com/mrz1836/go-coverage/internal/templates/templates.go:275.31,277.3 1 3
github.com/mrz1836/go-coverage/internal/templates/templates.go:278.2,278.61 1 2
github.com/mrz1836/go-coverage/internal/templates/templates.go:282.44,283.20 1 3
github.com/mrz1836/go-coverage/internal/templates/templates.go:283.20,285.3 1 1
github.com/mrz1836/go-coverage/internal/templates/templates.go:286.2,286.55 1 2
github.com/mrz1836/go-coverage/internal/templates/templates.go:290.57,291.47 1 6
github.com/mrz1836/go-coverage/internal/templates/templates.go:291.47,293.3 1 4
github.com/mrz1836/go-coverage/internal/templates/templates.go:294.2,294.77 1 2
github.com/mrz1836/go-coverage/internal/templates/templates.go:298.54,299.44 1 6
github.com/mrz1836/go-coverage/internal/templates/templates.go:299.44,301.3 1 4
github.com/mrz1836/go-coverage/internal/templates/templates.go:302.2,302.76 1 2
github.com/mrz1836/go-coverage/internal/templates/templates.go:306.65,307.65 1 7
github.com/mrz1836/go-coverage/internal/templates/templates.go:307.65,309.3 1 5
github.com/mrz1836/go-coverage/internal/templates/templates.go:310.2,310.90 1 2
github.com/mrz1836/go-coverage/internal/templates/templates.go:314.63,315.64 1 7
github.com/mrz1836/go-coverage/internal/templates/templates.go:315.64,317.3 1 5
github.com/mrz1836/go-coverage/internal/templates/templates.go:318.2,318.89 1 2
github.com/mrz1836/go-coverage/internal/urlutil/urls.go:12.36,13.25 1 566
github.com/mrz1836/go-coverage/internal/urlutil/urls.go:13.25,15.3 1 566
github.com/mrz1836/go-coverage/internal/urlutil/urls.go:16.2,16.38 1 0
github.com/mrz1836/go-coverage/internal/urlutil/urls.go:20.65,21.50 1 36
github.com/mrz1836/go-coverage/internal/urlutil/urls.go:21.50,23.3 1 5
github.com/mrz1836/go-coverage/internal/urlutil/urls.go:25.2,28.82 4 31
github.com/mrz1836/go-coverage/internal/urlutil/urls.go:32.55,35.9 2 34
github.com/mrz1836/go-coverage/internal/urlutil/urls.go:36.24,37.24 1 9
github.com/mrz1836/go-coverage/internal/urlutil/urls.go:38.24,39.18 1 4
github.com/mrz1836/go-coverage/internal/urlutil/urls.go:40.24,41.24 1 4
github.com/mrz1836/go-coverage/internal/urlutil/urls.go:42.24,43.19 1 3
github.com/mrz1836/go-coverage/internal/urlutil/urls.go:44.24,45.19 1 5
github.com/mrz1836/go-coverage/internal/urlutil/urls.go:46.10,47.16 1 9
github.com/mrz1836/go-coverage/internal/urlutil/urls.go:50.2,50.92 1 34
github.com/mrz1836/go-coverage/internal/urlutil/urls.go:54.52,55.31 1 30
github.com/mrz1836/go-coverage/internal/urlutil/urls.go:55.31,57.3 1 4
github.com/mrz1836/go-coverage/internal/urlutil/urls.go:59.2,61.61 3 26
github.com/mrz1836/go-coverage/internal/urlutil/urls.go:65.53,69.21 3 42
github.com/mrz1836/go-coverage/internal/urlutil/urls.go:69.21,71.3 1 37
github.com/mrz1836/go-coverage/internal/urlutil/urls.go:72.2,72.17 1 5
github.com/mrz1836/go-coverage/internal/urlutil/urls.go:78.46,80.20 1 130
github.com/mrz1836/go-coverage/internal/urlutil/urls.go:80.20,82.3 1 2
github.com/mrz1836/go-coverage/internal/urlutil/urls.go:85.2,91.43 3 128
github.com/mrz1836/go-coverage/internal/urlutil/urls.go:91.43,93.3 1 0
github.com/mrz1836/go-coverage/internal/urlutil/urls.go:97.2,100.23 2 128
github.com/mrz1836/go-coverage/internal/urlutil/urls.go:100.23,101.51 1 213
github.com/mrz1836/go-coverage/internal/urlutil/urls.go:101.51,103.24 1 37
github.com/mrz1836/go-coverage/internal/urlutil/urls.go:103.24,115.5 4 33
github.com/mrz1836/go-coverage/internal/urlutil/urls.go:121.2,122.20 2 95
github.com/mrz1836/go-coverage/internal/urlutil/urls.go:126.70,127.65 1 46
github.com/mrz1836/go-coverage/internal/urlutil/urls.go:127.65,129.3 1 5
github.com/mrz1836/go-coverage/internal/urlutil/urls.go:131.2,135.91 5 41
github.com/mrz1836/go-coverage/internal/urlutil/urls.go:141.64,142.20 1 68
github.com/mrz1836/go-coverage/internal/urlutil/urls.go:142.20,144.3 1 0
github.com/mrz1836/go-coverage/internal/urlutil/urls.go:147.2,150.43 2 68
github.com/mrz1836/go-coverage/internal/urlutil/urls.go:150.43,153.46 2 63
github.com/mrz1836/go-coverage/internal/urlutil/urls.go:153.46,156.4 1 1
github.com/mrz1836/go-coverage/internal/urlutil/urls.go:159.2,159.16 1 68
github.com/mrz1836/go-coverage/internal/urlutil/urls.go:164.51,166.20 2 33
github.com/mrz1836/go-coverage/internal/urlutil/urls.go:166.20,168.3 1 9
github.com/mrz1836/go-coverage/internal/urlutil/urls.go:172.2,172.21 1 24
github.com/mrz1836/go-coverage/internal/urlutil/urls.go:172.21,175.37 2 18
github.com/mrz1836/go-coverage/internal/urlutil/urls.go:175.37,176.29 1 33
github.com/mrz1836/go-coverage/internal/urlutil/urls.go:176.29,179.5 1 13
github.com/mrz1836/go-coverage/internal/urlutil/urls.go:183.2,183.13 1 11
github.com/mrz1836/go-coverage/internal/version/version.go:40.67,48.16 4 4
github.com/mrz1836/go-coverage/internal/version/version.go:48.16,50.3 1 0
github.com/mrz1836/go-coverage/internal/version/version.go:53.2,57.16 4 4
github.com/mrz1836/go-coverage/internal/version/version.go:57.16,59.3 1 0
github.com/mrz1836/go-coverage/internal/version/version.go:60.2,60.15 1 4
github.com/mrz1836/go-coverage/internal/version/version.go:60.15,60.40 1 4
github.com/mrz1836/go-coverage/internal/version/version.go:62.2,62.38 1 4
github.com/mrz1836/go-coverage/internal/version/version.go:62.38,65.3 2 3
github.com/mrz1836/go-coverage/internal/version/version.go:67.2,68.68 2 1
github.com/mrz1836/go-coverage/internal/version/version.go:68.68,70.3 1 0
github.com/mrz1836/go-coverage/internal/version/version.go:72.2,72.22 1 1
github.com/mrz1836/go-coverage/internal/version/version.go:80.41,91.24 5 33
github.com/mrz1836/go-coverage/internal/version/version.go:91.24,94.3 1 5
github.com/mrz1836/go-coverage/internal/version/version.go:95.2,95.13 1 28
github.com/mrz1836/go-coverage/internal/version/version.go:95.13,97.3 1 5
github.com/mrz1836/go-coverage/internal/version/version.go:98.2,98.13 1 23
github.com/mrz1836/go-coverage/internal/version/version.go:98.13,100.3 1 5
github.com/mrz1836/go-coverage/internal/version/version.go:103.2,107.19 3 18
github.com/mrz1836/go-coverage/internal/version/version.go:107.19,108.43 1 45
github.com/mrz1836/go-coverage/internal/version/version.go:108.43,109.9 1 0
github.com/mrz1836/go-coverage/internal/version/version.go:111.3,113.22 3 45
github.com/mrz1836/go-coverage/internal/version/version.go:113.22,115.4 1 44
github.com/mrz1836/go-coverage/internal/version/version.go:116.3,116.22 1 45
github.com/mrz1836/go-coverage/internal/version/version.go:116.22,118.4 1 45
github.com/mrz1836/go-coverage/internal/version/version.go:120.3,120.18 1 45
github.com/mrz1836/go-coverage/internal/version/version.go:120.18,122.4 1 8
github.com/mrz1836/go-coverage/internal/version/version.go:123.3,123.18 1 37
github.com/mrz1836/go-coverage/internal/version/version.go:123.18,125.4 1 4
github.com/mrz1836/go-coverage/internal/version/version.go:128.2,128.10 1 6
github.com/mrz1836/go-coverage/internal/version/version.go:132.41,134.55 1 46
github.com/mrz1836/go-coverage/internal/version/version.go:134.55,136.3 1 3
github.com/mrz1836/go-coverage/internal/version/version.go:138.2,141.29 3 46
github.com/mrz1836/go-coverage/internal/version/version.go:141.29,143.57 2 132
github.com/mrz1836/go-coverage/internal/version/version.go:143.57,145.4 1 127
github.com/mrz1836/go-coverage/internal/version/version.go:148.2,148.15 1 46
github.com/mrz1836/go-coverage/internal/version/version.go:152.64,154.2 1 9
github.com/mrz1836/go-coverage/internal/version/version.go:157.46,162.51 3 12
github.com/mrz1836/go-coverage/internal/version/version.go:162.51,164.3 1 3
github.com/mrz1836/go-coverage/internal/version/version.go:166.2,166.16 1 12
github.com/mrz1836/go-coverage/internal/version/version.go:170.34,172.31 1 63
github.com/mrz1836/go-coverage/internal/version/version.go:172.31,174.3 1 49
github.com/mrz1836/go-coverage/internal/version/version.go:177.2,177.22 1 14
github.com/mrz1836/go-coverage/internal/version/version.go:177.22,178.75 1 181
github.com/mrz1836/go-coverage/internal/version/version.go:178.75,180.4 1 4
github.com/mrz1836/go-coverage/internal/version/version.go:183.2,183.13 1 10
github.com/mrz1836/go-coverage/internal/version/version.go:187.48,188.33 1 81
github.com/mrz1836/go-coverage/internal/version/version.go:188.33,190.3 1 10
github.com/mrz1836/go-coverage/internal/version/version.go:192.2,192.54 1 71
github.com/mrz1836/go-coverage/internal/version/version.go:192.54,194.3 1 10
github.com/mrz1836/go-coverage/internal/version/version.go:195.2,195.14 1 61
github.com/mrz1836/go-coverage/internal/github/client.go:136.32,151.2 1 6
github.com/mrz1836/go-coverage/internal/github/client.go:154.44,163.2 1 10
github.com/mrz1836/go-coverage/internal/github/client.go:166.112,169.55 2 6
github.com/mrz1836/go-coverage/internal/github/client.go:169.55,171.3 1 1
github.com/mrz1836/go-coverage/internal/github/client.go:173.2,173.21 1 5
github.com/mrz1836/go-coverage/internal/github/client.go:173.21,176.3 1 1
github.com/mrz1836/go-coverage/internal/github/client.go:179.2,179.52 1 4
github.com/mrz1836/go-coverage/internal/github/client.go:183.106,187.16 3 6
github.com/mrz1836/go-coverage/internal/github/client.go:187.16,189.3 1 0
github.com/mrz1836/go-coverage/internal/github/client.go:191.2,192.16 2 6
github.com/mrz1836/go-coverage/internal/github/client.go:192.16,194.3 1 0
github.com/mrz1836/go-coverage/internal/github/client.go:195.2,195.15 1 6
github.com/mrz1836/go-coverage/internal/github/client.go:195.15,195.40 1 6
github.com/mrz1836/go-coverage/internal/github/client.go:197.2,197.28 1 6
github.com/mrz1836/go-coverage/internal/github/client.go:201.104,205.16 3 4
github.com/mrz1836/go-coverage/internal/github/client.go:205.16,207.3 1 0
github.com/mrz1836/go-coverage/internal/github/client.go:209.2,210.16 2 4
github.com/mrz1836/go-coverage/internal/github/client.go:210.16,212.3 1 0
github.com/mrz1836/go-coverage/internal/github/client.go:213.2,213.15 1 4
github.com/mrz1836/go-coverage/internal/github/client.go:213.15,213.40 1 4
github.com/mrz1836/go-coverage/internal/github/client.go:215.2,215.44 1 4
github.com/mrz1836/go-coverage/internal/github/client.go:215.44,217.3 1 2
github.com/mrz1836/go-coverage/internal/github/client.go:219.2,220.72 2 2
github.com/mrz1836/go-coverage/internal/github/client.go:220.72,222.3 1 0
github.com/mrz1836/go-coverage/internal/github/client.go:224.2,224.26 1 2
github.com/mrz1836/go-coverage/internal/github/client.go:233.109,235.17 2 76
github.com/mrz1836/go-coverage/internal/github/client.go:235.17,237.17 2 12
github.com/mrz1836/go-coverage/internal/github/client.go:237.17,239.4 1 0
github.com/mrz1836/go-coverage/internal/github/client.go:240.3,240.38 1 12
github.com/mrz1836/go-coverage/internal/github/client.go:243.2,244.16 2 76
github.com/mrz1836/go-coverage/internal/github/client.go:244.16,246.3 1 0
github.com/mrz1836/go-coverage/internal/github/client.go:248.2,251.17 4 76
github.com/mrz1836/go-coverage/internal/github/client.go:251.17,253.3 1 12
github.com/mrz1836/go-coverage/internal/github/client.go:255.2,255.17 1 76
github.com/mrz1836/go-coverage/internal/github/client.go:261.47,262.53 1 68
github.com/mrz1836/go-coverage/internal/github/client.go:262.53,265.3 2 23
github.com/mrz1836/go-coverage/internal/github/client.go:266.2,266.12 1 45
github.com/mrz1836/go-coverage/internal/github/client.go:269.105,273.16 3 7
github.com/mrz1836/go-coverage/internal/github/client.go:273.16,275.3 1 0
github.com/mrz1836/go-coverage/internal/github/client.go:277.2,278.16 2 7
github.com/mrz1836/go-coverage/internal/github/client.go:278.16,280.3 1 1
github.com/mrz1836/go-coverage/internal/github/client.go:281.2,281.15 1 6
github.com/mrz1836/go-coverage/internal/github/client.go:281.15,281.40 1 6
github.com/mrz1836/go-coverage/internal/github/client.go:283.2,283.44 1 6
github.com/mrz1836/go-coverage/internal/github/client.go:283.44,285.3 1 0
github.com/mrz1836/go-coverage/internal/github/client.go:287.2,288.69 2 6
github.com/mrz1836/go-coverage/internal/github/client.go:288.69,290.3 1 0
github.com/mrz1836/go-coverage/internal/github/client.go:293.2,293.35 1 6
github.com/mrz1836/go-coverage/internal/github/client.go:293.35,294.43 1 3
github.com/mrz1836/go-coverage/internal/github/client.go:294.43,296.4 1 2
github.com/mrz1836/go-coverage/internal/github/client.go:299.2,299.32 1 4
github.com/mrz1836/go-coverage/internal/github/client.go:302.112,306.16 3 5
github.com/mrz1836/go-coverage/internal/github/client.go:306.16,308.3 1 0
github.com/mrz1836/go-coverage/internal/github/client.go:310.2,311.16 2 5
github.com/mrz1836/go-coverage/internal/github/client.go:311.16,313.3 1 0
github.com/mrz1836/go-coverage/internal/github/client.go:314.2,314.15 1 5
github.com/mrz1836/go-coverage/internal/github/client.go:314.15,314.40 1 5
github.com/mrz1836/go-coverage/internal/github/client.go:316.2,316.44 1 5
github.com/mrz1836/go-coverage/internal/github/client.go:316.44,318.3 1 3
github.com/mrz1836/go-coverage/internal/github/client.go:320.2,321.68 2 2
github.com/mrz1836/go-coverage/internal/github/client.go:321.68,323.3 1 0
github.com/mrz1836/go-coverage/internal/github/client.go:325.2,325.22 1 2
github.com/mrz1836/go-coverage/internal/github/client.go:328.119,332.16 3 1
github.com/mrz1836/go-coverage/internal/github/client.go:332.16,334.3 1 0
github.com/mrz1836/go-coverage/internal/github/client.go:336.2,337.16 2 1
github.com/mrz1836/go-coverage/internal/github/client.go:337.16,339.3 1 0
github.com/mrz1836/go-coverage/internal/github/client.go:340.2,340.15 1 1
github.com/mrz1836/go-coverage/internal/github/client.go:340.15,340.40 1 1
github.com/mrz1836/go-coverage/internal/github/client.go:342.2,342.44 1 1
github.com/mrz1836/go-coverage/internal/github/client.go:342.44,344.3 1 0
github.com/mrz1836/go-coverage/internal/github/client.go:346.2,347.68 2 1
github.com/mrz1836/go-coverage/internal/github/client.go:347.68,349.3 1 0
github.com/mrz1836/go-coverage/internal/github/client.go:351.2,351.22 1 1
github.com/mrz1836/go-coverage/internal/github/client.go:354.47,362.33 2 8
github.com/mrz1836/go-coverage/internal/github/client.go:362.33,363.29 1 19
github.com/mrz1836/go-coverage/internal/github/client.go:363.29,365.4 1 5
github.com/mrz1836/go-coverage/internal/github/client.go:368.2,368.14 1 3
github.com/mrz1836/go-coverage/internal/github/client.go:371.38,375.2 1 27
github.com/mrz1836/go-coverage/internal/github/client.go:377.36,378.43 1 17
github.com/mrz1836/go-coverage/internal/github/client.go:378.43,379.35 1 183
github.com/mrz1836/go-coverage/internal/github/client.go:379.35,381.4 1 6
github.com/mrz1836/go-coverage/internal/github/client.go:383.2,383.11 1 11
github.com/mrz1836/go-coverage/internal/github/client.go:401.117,403.15 2 13
github.com/mrz1836/go-coverage/internal/github/client.go:403.15,405.3 1 9
github.com/mrz1836/go-coverage/internal/github/client.go:407.2,408.16 2 13
github.com/mrz1836/go-coverage/internal/github/client.go:408.16,410.3 1 0
github.com/mrz1836/go-coverage/internal/github/client.go:412.2,413.16 2 13
github.com/mrz1836/go-coverage/internal/github/client.go:413.16,415.3 1 2
github.com/mrz1836/go-coverage/internal/github/client.go:416.2,416.15 1 11
github.com/mrz1836/go-coverage/internal/github/client.go:416.15,416.40 1 11
github.com/mrz1836/go-coverage/internal/github/client.go:418.2,418.44 1 11
github.com/mrz1836/go-coverage/internal/github/client.go:418.44,420.3 1 4
github.com/mrz1836/go-coverage/internal/github/client.go:422.2,423.69 2 7
github.com/mrz1836/go-coverage/internal/github/client.go:423.69,425.3 1 2
github.com/mrz1836/go-coverage/internal/github/client.go:427.2,427.23 1 5
github.com/mrz1836/go-coverage/internal/github/client.go:431.141,434.16 2 10
github.com/mrz1836/go-coverage/internal/github/client.go:434.16,436.3 1 8
github.com/mrz1836/go-coverage/internal/github/client.go:438.2,439.15 2 2
github.com/mrz1836/go-coverage/internal/github/client.go:439.15,441.3 1 2
github.com/mrz1836/go-coverage/internal/github/client.go:443.2,444.16 2 2
github.com/mrz1836/go-coverage/internal/github/client.go:444.16,446.3 1 0
github.com/mrz1836/go-coverage/internal/github/client.go:448.2,449.16 2 2
github.com/mrz1836/go-coverage/internal/github/client.go:449.16,451.3 1 0
github.com/mrz1836/go-coverage/internal/github/client.go:452.2,452.15 1 2
github.com/mrz1836/go-coverage/internal/github/client.go:452.15,452.40 1 2
github.com/mrz1836/go-coverage/internal/github/client.go:454.2,454.44 1 2
github.com/mrz1836/go-coverage/internal/github/client.go:454.44,456.3 1 1
github.com/mrz1836/go-coverage/internal/github/client.go:458.2,459.69 2 1
github.com/mrz1836/go-coverage/internal/github/client.go:459.69,461.3 1 0
github.com/mrz1836/go-coverage/internal/github/client.go:463.2,463.23 1 1
github.com/mrz1836/go-coverage/internal/github/client.go:467.109,471.16 3 12
github.com/mrz1836/go-coverage/internal/github/client.go:471.16,473.3 1 0
github.com/mrz1836/go-coverage/internal/github/client.go:475.2,476.16 2 12
github.com/mrz1836/go-coverage/internal/github/client.go:476.16,478.3 1 2
github.com/mrz1836/go-coverage/internal/github/client.go:479.2,479.15 1 10
github.com/mrz1836/go-coverage/internal/github/client.go:479.15,479.40 1 10
github.com/mrz1836/go-coverage/internal/github/client.go:481.2,481.44 1 10
github.com/mrz1836/go-coverage/internal/github/client.go:481.44,483.3 1 5
github.com/mrz1836/go-coverage/internal/github/client.go:485.2,486.72 2 5
github.com/mrz1836/go-coverage/internal/github/client.go:486.72,488.3 1 2
github.com/mrz1836/go-coverage/internal/github/client.go:490.2,490.26 1 3
github.com/mrz1836/go-coverage/internal/github/client.go:494.108,498.16 3 14
github.com/mrz1836/go-coverage/internal/github/client.go:498.16,500.3 1 0
github.com/mrz1836/go-coverage/internal/github/client.go:502.2,503.16 2 14
github.com/mrz1836/go-coverage/internal/github/client.go:503.16,505.3 1 2
github.com/mrz1836/go-coverage/internal/github/client.go:506.2,506.15 1 12
github.com/mrz1836/go-coverage/internal/github/client.go:506.15,506.40 1 12
github.com/mrz1836/go-coverage/internal/github/client.go:508.2,508.44 1 12
github.com/mrz1836/go-coverage/internal/github/client.go:508.44,510.3 1 1
github.com/mrz1836/go-coverage/internal/github/client.go:512.2,516.69 2 11
github.com/mrz1836/go-coverage/internal/github/client.go:516.69,518.3 1 1
github.com/mrz1836/go-coverage/internal/github/client.go:520.2,520.46 1 10
github.com/mrz1836/go-coverage/internal/github/client.go:520.46,521.36 1 9
github.com/mrz1836/go-coverage/internal/github/client.go:521.36,523.4 1 4
github.com/mrz1836/go-coverage/internal/github/client.go:526.2,526.67 1 6
github.com/mrz1836/go-coverage/internal/github/pr_comment.go:109.85,110.19 1 15
github.com/mrz1836/go-coverage/internal/github/pr_comment.go:110.19,125.3 1 11
github.com/mrz1836/go-coverage/internal/github/pr_comment.go:127.2,131.3 1 15
github.com/mrz1836/go-coverage/internal/github/pr_comment.go:137.35,139.61 2 20
github.com/mrz1836/go-coverage/internal/github/pr_comment.go:140.15,141.26 1 1
github.com/mrz1836/go-coverage/internal/github/pr_comment.go:142.14,143.25 1 1
github.com/mrz1836/go-coverage/internal/github/pr_comment.go:144.15,145.26 1 1
github.com/mrz1836/go-coverage/internal/github/pr_comment.go:148.2,150.68 3 20
github.com/mrz1836/go-coverage/internal/github/pr_comment.go:150.68,152.3 1 1
github.com/mrz1836/go-coverage/internal/github/pr_comment.go:153.2,153.26 1 20
github.com/mrz1836/go-coverage/internal/github/pr_comment.go:157.187,160.16 2 2
github.com/mrz1836/go-coverage/internal/github/pr_comment.go:160.16,162.3 1 1
github.com/mrz1836/go-coverage/internal/github/pr_comment.go:165.2,166.16 2 1
github.com/mrz1836/go-coverage/internal/github/pr_comment.go:166.16,168.3 1 0
github.com/mrz1836/go-coverage/internal/github/pr_comment.go:171.2,173.19 2 1
github.com/mrz1836/go-coverage/internal/github/pr_comment.go:173.19,179.3 1 0
github.com/mrz1836/go-coverage/internal/github/pr_comment.go:181.2,184.31 3 1
github.com/mrz1836/go-coverage/internal/github/pr_comment.go:184.31,187.17 2 0
github.com/mrz1836/go-coverage/internal/github/pr_comment.go:187.17,189.4 1 0
github.com/mrz1836/go-coverage/internal/github/pr_comment.go:190.3,191.21 2 0
github.com/mrz1836/go-coverage/internal/github/pr_comment.go:192.8,195.17 2 1
github.com/mrz1836/go-coverage/internal/github/pr_comment.go:195.17,197.4 1 0
github.com/mrz1836/go-coverage/internal/github/pr_comment.go:198.3,199.21 2 1
github.com/mrz1836/go-coverage/internal/github/pr_comment.go:203.2,207.33 3 1
github.com/mrz1836/go-coverage/internal/github/pr_comment.go:207.33,209.17 2 1
github.com/mrz1836/go-coverage/internal/github/pr_comment.go:209.17,218.4 1 1
github.com/mrz1836/go-coverage/internal/github/pr_comment.go:218.9,220.4 1 0
github.com/mrz1836/go-coverage/internal/github/pr_comment.go:224.2,235.31 2 1
github.com/mrz1836/go-coverage/internal/github/pr_comment.go:235.31,237.94 1 0
github.com/mrz1836/go-coverage/internal/github/pr_comment.go:237.94,240.4 2 0
github.com/mrz1836/go-coverage/internal/github/pr_comment.go:243.2,251.8 1 1
github.com/mrz1836/go-coverage/internal/github/pr_comment.go:255.131,269.53 6 6
github.com/mrz1836/go-coverage/internal/github/pr_comment.go:269.53,276.20 3 8
github.com/mrz1836/go-coverage/internal/github/pr_comment.go:276.20,282.12 3 0
github.com/mrz1836/go-coverage/internal/github/pr_comment.go:289.3,289.46 1 8
github.com/mrz1836/go-coverage/internal/github/pr_comment.go:289.46,291.18 2 8
github.com/mrz1836/go-coverage/internal/github/pr_comment.go:291.18,293.5 1 0
github.com/mrz1836/go-coverage/internal/github/pr_comment.go:294.4,294.17 1 8
github.com/mrz1836/go-coverage/internal/github/pr_comment.go:294.17,294.42 1 8
github.com/mrz1836/go-coverage/internal/github/pr_comment.go:296.4,296.46 1 8
github.com/mrz1836/go-coverage/internal/github/pr_comment.go:296.46,298.5 1 3
github.com/mrz1836/go-coverage/internal/github/pr_comment.go:300.4,301.71 2 5
github.com/mrz1836/go-coverage/internal/github/pr_comment.go:301.71,303.5 1 0
github.com/mrz1836/go-coverage/internal/github/pr_comment.go:304.4,304.24 1 5
github.com/mrz1836/go-coverage/internal/github/pr_comment.go:307.3,308.17 2 8
github.com/mrz1836/go-coverage/internal/github/pr_comment.go:308.17,315.12 4 3
github.com/mrz1836/go-coverage/internal/github/pr_comment.go:319.3,321.8 3 5
github.com/mrz1836/go-coverage/internal/github/pr_comment.go:324.2,324.20 1 6
github.com/mrz1836/go-coverage/internal/github/pr_comment.go:324.20,330.3 2 1
github.com/mrz1836/go-coverage/internal/github/pr_comment.go:332.2,338.38 3 5
github.com/mrz1836/go-coverage/internal/github/pr_comment.go:338.38,341.29 3 8
github.com/mrz1836/go-coverage/internal/github/pr_comment.go:341.29,343.4 1 0
github.com/mrz1836/go-coverage/internal/github/pr_comment.go:344.3,353.17 2 8
github.com/mrz1836/go-coverage/internal/github/pr_comment.go:353.17,355.4 1 5
github.com/mrz1836/go-coverage/internal/github/pr_comment.go:358.2,363.30 2 5
github.com/mrz1836/go-coverage/internal/github/pr_comment.go:367.64,392.39 3 13
github.com/mrz1836/go-coverage/internal/github/pr_comment.go:392.39,393.40 1 97
github.com/mrz1836/go-coverage/internal/github/pr_comment.go:393.40,399.4 2 7
github.com/mrz1836/go-coverage/internal/github/pr_comment.go:402.2,403.14 2 6
github.com/mrz1836/go-coverage/internal/github/pr_comment.go:407.134,414.32 2 4
github.com/mrz1836/go-coverage/internal/github/pr_comment.go:414.32,417.3 2 2
github.com/mrz1836/go-coverage/internal/github/pr_comment.go:419.2,419.55 1 2
github.com/mrz1836/go-coverage/internal/github/pr_comment.go:419.55,426.3 3 0
github.com/mrz1836/go-coverage/internal/github/pr_comment.go:429.2,436.16 4 2
github.com/mrz1836/go-coverage/internal/github/pr_comment.go:436.16,446.36 4 2
github.com/mrz1836/go-coverage/internal/github/pr_comment.go:446.36,453.4 3 1
github.com/mrz1836/go-coverage/internal/github/pr_comment.go:454.8,459.3 1 0
github.com/mrz1836/go-coverage/internal/github/pr_comment.go:462.2,462.48 1 1
github.com/mrz1836/go-coverage/internal/github/pr_comment.go:462.48,465.3 2 0
github.com/mrz1836/go-coverage/internal/github/pr_comment.go:467.2,468.48 2 1
github.com/mrz1836/go-coverage/internal/github/pr_comment.go:472.94,478.65 1 6
github.com/mrz1836/go-coverage/internal/github/pr_comment.go:478.65,480.3 1 2
github.com/mrz1836/go-coverage/internal/github/pr_comment.go:482.2,482.57 1 4
github.com/mrz1836/go-coverage/internal/github/pr_comment.go:482.57,484.3 1 0
github.com/mrz1836/go-coverage/internal/github/pr_comment.go:486.2,486.52 1 4
github.com/mrz1836/go-coverage/internal/github/pr_comment.go:486.52,487.31 1 0
github.com/mrz1836/go-coverage/internal/github/pr_comment.go:487.31,489.4 1 0
github.com/mrz1836/go-coverage/internal/github/pr_comment.go:492.2,492.14 1 4
github.com/mrz1836/go-coverage/internal/github/pr_comment.go:496.138,502.51 4 3
github.com/mrz1836/go-coverage/internal/github/pr_comment.go:502.51,505.3 2 3
github.com/mrz1836/go-coverage/internal/github/pr_comment.go:505.8,505.40 1 0
github.com/mrz1836/go-coverage/internal/github/pr_comment.go:505.40,509.3 2 0
github.com/mrz1836/go-coverage/internal/github/pr_comment.go:509.8,513.3 2 0
github.com/mrz1836/go-coverage/internal/github/pr_comment.go:515.2,522.64 2 3
github.com/mrz1836/go-coverage/internal/github/pr_comment.go:526.81,529.22 3 4
github.com/mrz1836/go-coverage/internal/github/pr_comment.go:529.22,531.3 1 3
github.com/mrz1836/go-coverage/internal/github/pr_comment.go:533.2,534.70 2 1
github.com/mrz1836/go-coverage/internal/github/pr_comment.go:534.70,536.3 1 0
github.com/mrz1836/go-coverage/internal/github/pr_comment.go:538.2,538.18 1 1
github.com/mrz1836/go-coverage/internal/github/pr_comment.go:542.106,544.16 2 1
github.com/mrz1836/go-coverage/internal/github/pr_comment.go:544.16,546.3 1 0
github.com/mrz1836/go-coverage/internal/github/pr_comment.go:548.2,548.43 1 1
github.com/mrz1836/go-coverage/internal/github/pr_comment.go:548.43,552.17 3 1
github.com/mrz1836/go-coverage/internal/github/pr_comment.go:552.17,553.12 1 0
github.com/mrz1836/go-coverage/internal/github/pr_comment.go:556.3,557.17 2 1
github.com/mrz1836/go-coverage/internal/github/pr_comment.go:557.17,558.12 1 0
github.com/mrz1836/go-coverage/internal/github/pr_comment.go:560.3,560.24 1 1
github.com/mrz1836/go-coverage/internal/github/pr_comment.go:563.2,563.12 1 1
github.com/mrz1836/go-coverage/internal/github/pr_comment.go:567.125,569.16 2 1
github.com/mrz1836/go-coverage/internal/github/pr_comment.go:569.16,571.3 1 0
github.com/mrz1836/go-coverage/internal/github/pr_comment.go:573.2,580.31 2 1
github.com/mrz1836/go-coverage/internal/github/pr_comment.go:580.31,585.78 4 1
github.com/mrz1836/go-coverage/internal/github/pr_comment.go:585.78,588.4 2 0
github.com/mrz1836/go-coverage/internal/github/pr_comment.go:591.2,591.19 1 1
github.com/mrz1836/go-coverage/internal/github/pr_diff.go:74.94,78.16 3 3
github.com/mrz1836/go-coverage/internal/github/pr_diff.go:78.16,80.3 1 0
github.com/mrz1836/go-coverage/internal/github/pr_diff.go:82.2,83.16 2 3
github.com/mrz1836/go-coverage/internal/github/pr_diff.go:83.16,85.3 1 0
github.com/mrz1836/go-coverage/internal/github/pr_diff.go:86.2,86.15 1 3
github.com/mrz1836/go-coverage/internal/github/pr_diff.go:86.15,86.40 1 3
github.com/mrz1836/go-coverage/internal/github/pr_diff.go:88.2,88.44 1 3
github.com/mrz1836/go-coverage/internal/github/pr_diff.go:88.44,90.3 1 1
github.com/mrz1836/go-coverage/internal/github/pr_diff.go:92.2,93.66 2 2
github.com/mrz1836/go-coverage/internal/github/pr_diff.go:93.66,95.3 1 1
github.com/mrz1836/go-coverage/internal/github/pr_diff.go:97.2,97.35 1 1
github.com/mrz1836/go-coverage/internal/github/pr_diff.go:101.53,106.36 2 1
github.com/mrz1836/go-coverage/internal/github/pr_diff.go:106.36,115.19 5 6
github.com/mrz1836/go-coverage/internal/github/pr_diff.go:116.19,121.50 5 2
github.com/mrz1836/go-coverage/internal/github/pr_diff.go:123.21,126.42 3 1
github.com/mrz1836/go-coverage/internal/github/pr_diff.go:128.23,131.44 3 1
github.com/mrz1836/go-coverage/internal/github/pr_diff.go:133.30,135.41 2 1
github.com/mrz1836/go-coverage/internal/github/pr_diff.go:137.26,139.42 2 1
github.com/mrz1836/go-coverage/internal/github/pr_diff.go:141.22,143.38 2 0
github.com/mrz1836/go-coverage/internal/github/pr_diff.go:145.11,147.38 2 0
github.com/mrz1836/go-coverage/internal/github/pr_diff.go:151.2,151.17 1 1
github.com/mrz1836/go-coverage/internal/github/pr_diff.go:155.47,161.62 4 37
github.com/mrz1836/go-coverage/internal/github/pr_diff.go:161.62,163.42 1 10
github.com/mrz1836/go-coverage/internal/github/pr_diff.go:163.42,165.4 1 5
github.com/mrz1836/go-coverage/internal/github/pr_diff.go:166.3,166.20 1 5
github.com/mrz1836/go-coverage/internal/github/pr_diff.go:170.2,170.61 1 27
github.com/mrz1836/go-coverage/internal/github/pr_diff.go:170.61,172.3 1 4
github.com/mrz1836/go-coverage/internal/github/pr_diff.go:175.2,175.38 1 23
github.com/mrz1836/go-coverage/internal/github/pr_diff.go:175.38,177.3 1 12
github.com/mrz1836/go-coverage/internal/github/pr_diff.go:180.2,180.45 1 11
github.com/mrz1836/go-coverage/internal/github/pr_diff.go:180.45,182.3 1 7
github.com/mrz1836/go-coverage/internal/github/pr_diff.go:185.2,185.41 1 4
github.com/mrz1836/go-coverage/internal/github/pr_diff.go:185.41,187.3 1 0
github.com/mrz1836/go-coverage/internal/github/pr_diff.go:189.2,189.22 1 4
github.com/mrz1836/go-coverage/internal/github/pr_diff.go:193.51,196.38 2 40
github.com/mrz1836/go-coverage/internal/github/pr_diff.go:196.38,198.3 1 15
github.com/mrz1836/go-coverage/internal/github/pr_diff.go:201.2,207.44 2 25
github.com/mrz1836/go-coverage/internal/github/pr_diff.go:207.44,209.3 1 10
github.com/mrz1836/go-coverage/internal/github/pr_diff.go:212.2,213.39 2 15
github.com/mrz1836/go-coverage/internal/github/pr_diff.go:213.39,214.40 1 85
github.com/mrz1836/go-coverage/internal/github/pr_diff.go:214.40,216.4 1 1
github.com/mrz1836/go-coverage/internal/github/pr_diff.go:219.2,219.14 1 14
github.com/mrz1836/go-coverage/internal/github/pr_diff.go:223.58,226.35 2 25
github.com/mrz1836/go-coverage/internal/github/pr_diff.go:226.35,228.3 1 12
github.com/mrz1836/go-coverage/internal/github/pr_diff.go:231.2,232.33 2 13
github.com/mrz1836/go-coverage/internal/github/pr_diff.go:232.33,233.78 1 77
github.com/mrz1836/go-coverage/internal/github/pr_diff.go:233.78,235.4 1 1
github.com/mrz1836/go-coverage/internal/github/pr_diff.go:239.2,244.35 3 12
github.com/mrz1836/go-coverage/internal/github/pr_diff.go:244.35,245.49 1 80
github.com/mrz1836/go-coverage/internal/github/pr_diff.go:245.49,247.4 1 5
github.com/mrz1836/go-coverage/internal/github/pr_diff.go:250.2,250.14 1 7
github.com/mrz1836/go-coverage/internal/github/pr_diff.go:254.54,264.44 2 26
github.com/mrz1836/go-coverage/internal/github/pr_diff.go:264.44,265.42 1 114
github.com/mrz1836/go-coverage/internal/github/pr_diff.go:265.42,267.4 1 7
github.com/mrz1836/go-coverage/internal/github/pr_diff.go:271.2,272.39 2 19
github.com/mrz1836/go-coverage/internal/github/pr_diff.go:272.39,273.92 1 91
github.com/mrz1836/go-coverage/internal/github/pr_diff.go:273.92,275.4 1 6
github.com/mrz1836/go-coverage/internal/github/pr_diff.go:278.2,278.14 1 13
github.com/mrz1836/go-coverage/internal/github/pr_diff.go:282.49,283.23 1 7
github.com/mrz1836/go-coverage/internal/github/pr_diff.go:283.23,285.3 1 1
github.com/mrz1836/go-coverage/internal/github/pr_diff.go:287.2,289.24 2 6
github.com/mrz1836/go-coverage/internal/github/pr_diff.go:289.24,291.3 1 5
github.com/mrz1836/go-coverage/internal/github/pr_diff.go:293.2,293.26 1 6
github.com/mrz1836/go-coverage/internal/github/pr_diff.go:293.26,295.3 1 2
github.com/mrz1836/go-coverage/internal/github/pr_diff.go:297.2,297.28 1 6
github.com/mrz1836/go-coverage/internal/github/pr_diff.go:297.28,299.3 1 2
github.com/mrz1836/go-coverage/internal/github/pr_diff.go:301.2,301.30 1 6
github.com/mrz1836/go-coverage/internal/github/pr_diff.go:301.30,303.3 1 1
github.com/mrz1836/go-coverage/internal/github/pr_diff.go:305.2,305.31 1 6
github.com/mrz1836/go-coverage/internal/github/pr_diff.go:305.31,307.3 1 1
github.com/mrz1836/go-coverage/internal/github/pr_diff.go:309.2,309.27 1 6
github.com/mrz1836/go-coverage/internal/github/pr_diff.go:309.27,311.3 1 1
github.com/mrz1836/go-coverage/internal/github/pr_diff.go:313.2,313.21 1 6
github.com/mrz1836/go-coverage/internal/github/pr_diff.go:313.21,315.3 1 0
github.com/mrz1836/go-coverage/internal/github/pr_diff.go:317.2,317.21 1 6
github.com/mrz1836/go-coverage/internal/github/pr_diff.go:317.21,319.3 1 3
github.com/mrz1836/go-coverage/internal/github/pr_diff.go:321.2,321.21 1 3
github.com/mrz1836/go-coverage/internal/github/pr_diff.go:321.21,323.3 1 1
github.com/mrz1836/go-coverage/internal/github/pr_diff.go:326.2,328.41 3 2
github.com/mrz1836/go-coverage/internal/github/pr_diff.go:332.34,333.16 1 16
github.com/mrz1836/go-coverage/internal/github/pr_diff.go:333.16,335.3 1 9
github.com/mrz1836/go-coverage/internal/github/pr_diff.go:336.2,336.12 1 7
github.com/mrz1836/go-coverage/internal/github/status_check.go:213.91,214.19 1 5
github.com/mrz1836/go-coverage/internal/github/status_check.go:214.19,257.3 2 2
github.com/mrz1836/go-coverage/internal/github/status_check.go:259.2,262.3 1 5
github.com/mrz1836/go-coverage/internal/github/status_check.go:266.129,277.48 3 0
github.com/mrz1836/go-coverage/internal/github/status_check.go:277.48,282.21 4 0
github.com/mrz1836/go-coverage/internal/github/status_check.go:282.21,283.24 1 0
github.com/mrz1836/go-coverage/internal/github/status_check.go:284.28,285.28 1 0
github.com/mrz1836/go-coverage/internal/github/status_check.go:286.28,288.24 2 0
github.com/mrz1836/go-coverage/internal/github/status_check.go:288.24,290.6 1 0
github.com/mrz1836/go-coverage/internal/github/status_check.go:291.26,293.24 2 0
github.com/mrz1836/go-coverage/internal/github/status_check.go:293.24,295.6 1 0
github.com/mrz1836/go-coverage/internal/github/status_check.go:297.9,299.23 2 0
github.com/mrz1836/go-coverage/internal/github/status_check.go:299.23,301.5 1 0
github.com/mrz1836/go-coverage/internal/github/status_check.go:306.2,314.22 5 0
github.com/mrz1836/go-coverage/internal/github/status_check.go:318.120,327.64 5 6
github.com/mrz1836/go-coverage/internal/github/status_check.go:327.64,331.3 3 6
github.com/mrz1836/go-coverage/internal/github/status_check.go:334.2,334.33 1 6
github.com/mrz1836/go-coverage/internal/github/status_check.go:334.33,335.46 1 2
github.com/mrz1836/go-coverage/internal/github/status_check.go:335.46,339.4 3 3
github.com/mrz1836/go-coverage/internal/github/status_check.go:343.2,343.58 1 6
github.com/mrz1836/go-coverage/internal/github/status_check.go:343.58,346.3 2 2
github.com/mrz1836/go-coverage/internal/github/status_check.go:348.2,348.17 1 6
github.com/mrz1836/go-coverage/internal/github/status_check.go:352.68,353.34 1 4
github.com/mrz1836/go-coverage/internal/github/status_check.go:353.34,355.3 1 1
github.com/mrz1836/go-coverage/internal/github/status_check.go:358.2,358.31 1 3
github.com/mrz1836/go-coverage/internal/github/status_check.go:358.31,359.40 1 3
github.com/mrz1836/go-coverage/internal/github/status_check.go:359.40,361.4 1 2
github.com/mrz1836/go-coverage/internal/github/status_check.go:364.2,364.14 1 1
github.com/mrz1836/go-coverage/internal/github/status_check.go:368.115,373.57 3 9
github.com/mrz1836/go-coverage/internal/github/status_check.go:373.57,375.111 1 0
github.com/mrz1836/go-coverage/internal/github/status_check.go:375.111,376.37 1 0
github.com/mrz1836/go-coverage/internal/github/status_check.go:376.37,378.5 1 0
github.com/mrz1836/go-coverage/internal/github/status_check.go:384.2,384.37 1 9
github.com/mrz1836/go-coverage/internal/github/status_check.go:384.37,388.3 1 1
github.com/mrz1836/go-coverage/internal/github/status_check.go:390.2,396.18 5 9
github.com/mrz1836/go-coverage/internal/github/status_check.go:396.18,398.3 1 0
github.com/mrz1836/go-coverage/internal/github/status_check.go:400.2,400.27 1 9
github.com/mrz1836/go-coverage/internal/github/status_check.go:400.27,403.3 2 6
github.com/mrz1836/go-coverage/internal/github/status_check.go:403.8,404.30 1 3
github.com/mrz1836/go-coverage/internal/github/status_check.go:404.30,406.4 1 2
github.com/mrz1836/go-coverage/internal/github/status_check.go:406.9,408.4 1 1
github.com/mrz1836/go-coverage/internal/github/status_check.go:409.3,409.118 1 3
github.com/mrz1836/go-coverage/internal/github/status_check.go:413.2,413.34 1 9
github.com/mrz1836/go-coverage/internal/github/status_check.go:413.34,416.3 2 3
github.com/mrz1836/go-coverage/internal/github/status_check.go:418.2,419.32 2 9
github.com/mrz1836/go-coverage/internal/github/status_check.go:419.32,421.27 2 1
github.com/mrz1836/go-coverage/internal/github/status_check.go:421.27,423.4 1 0
github.com/mrz1836/go-coverage/internal/github/status_check.go:426.2,432.3 1 9
github.com/mrz1836/go-coverage/internal/github/status_check.go:436.112,437.9 1 6
github.com/mrz1836/go-coverage/internal/github/status_check.go:438.46,439.37 1 3
github.com/mrz1836/go-coverage/internal/github/status_check.go:440.48,441.39 1 3
github.com/mrz1836/go-coverage/internal/github/status_check.go:442.51,443.42 1 0
github.com/mrz1836/go-coverage/internal/github/status_check.go:444.10,445.52 1 0
github.com/mrz1836/go-coverage/internal/github/status_check.go:450.87,457.9 5 9
github.com/mrz1836/go-coverage/internal/github/status_check.go:458.20,460.72 2 2
github.com/mrz1836/go-coverage/internal/github/status_check.go:461.21,463.83 2 2
github.com/mrz1836/go-coverage/internal/github/status_check.go:464.10,466.70 2 5
github.com/mrz1836/go-coverage/internal/github/status_check.go:469.2,469.17 1 9
github.com/mrz1836/go-coverage/internal/github/status_check.go:469.17,471.3 1 3
github.com/mrz1836/go-coverage/internal/github/status_check.go:473.2,479.3 1 9
github.com/mrz1836/go-coverage/internal/github/status_check.go:483.89,492.15 6 9
github.com/mrz1836/go-coverage/internal/github/status_check.go:493.28,495.79 2 2
github.com/mrz1836/go-coverage/internal/github/status_check.go:496.11,498.81 2 1
github.com/mrz1836/go-coverage/internal/github/status_check.go:499.16,501.79 2 2
github.com/mrz1836/go-coverage/internal/github/status_check.go:502.10,504.67 2 4
github.com/mrz1836/go-coverage/internal/github/status_check.go:507.2,507.50 1 9
github.com/mrz1836/go-coverage/internal/github/status_check.go:507.50,509.3 1 2
github.com/mrz1836/go-coverage/internal/github/status_check.go:511.2,517.3 1 9
github.com/mrz1836/go-coverage/internal/github/status_check.go:521.92,529.16 6 5
github.com/mrz1836/go-coverage/internal/github/status_check.go:529.16,532.3 2 2
github.com/mrz1836/go-coverage/internal/github/status_check.go:532.8,532.24 1 3
github.com/mrz1836/go-coverage/internal/github/status_check.go:532.24,535.3 2 1
github.com/mrz1836/go-coverage/internal/github/status_check.go:535.8,538.3 2 2
github.com/mrz1836/go-coverage/internal/github/status_check.go:540.2,546.3 1 5
github.com/mrz1836/go-coverage/internal/github/status_check.go:550.111,556.12 4 3
github.com/mrz1836/go-coverage/internal/github/status_check.go:556.12,559.3 2 2
github.com/mrz1836/go-coverage/internal/github/status_check.go:559.8,560.20 1 1
github.com/mrz1836/go-coverage/internal/github/status_check.go:560.20,562.4 1 1
github.com/mrz1836/go-coverage/internal/github/status_check.go:562.9,564.4 1 0
github.com/mrz1836/go-coverage/internal/github/status_check.go:565.3,565.71 1 1
github.com/mrz1836/go-coverage/internal/github/status_check.go:568.2,574.3 1 3
github.com/mrz1836/go-coverage/internal/github/status_check.go:578.109,586.2 1 2
github.com/mrz1836/go-coverage/internal/github/status_check.go:589.102,590.19 1 9
github.com/mrz1836/go-coverage/internal/github/status_check.go:591.30,592.52 1 3
github.com/mrz1836/go-coverage/internal/github/status_check.go:592.52,594.4 1 3
github.com/mrz1836/go-coverage/internal/github/status_check.go:596.26,597.52 1 1
github.com/mrz1836/go-coverage/internal/github/status_check.go:597.52,599.4 1 1
github.com/mrz1836/go-coverage/internal/github/status_check.go:601.24,602.50 1 2
github.com/mrz1836/go-coverage/internal/github/status_check.go:602.50,604.4 1 2
github.com/mrz1836/go-coverage/internal/github/status_check.go:606.21,607.49 1 1
github.com/mrz1836/go-coverage/internal/github/status_check.go:607.49,609.4 1 1
github.com/mrz1836/go-coverage/internal/github/status_check.go:611.26,612.59 1 1
github.com/mrz1836/go-coverage/internal/github/status_check.go:612.59,614.4 1 1
github.com/mrz1836/go-coverage/internal/github/status_check.go:616.21,619.14 1 0
github.com/mrz1836/go-coverage/internal/github/status_check.go:622.2,622.13 1 1
github.com/mrz1836/go-coverage/internal/github/status_check.go:626.151,636.76 3 0
github.com/mrz1836/go-coverage/internal/github/status_check.go:636.76,637.18 1 0
github.com/mrz1836/go-coverage/internal/github/status_check.go:637.18,642.4 2 0
github.com/mrz1836/go-coverage/internal/github/status_check.go:644.3,645.17 2 0
github.com/mrz1836/go-coverage/internal/github/status_check.go:645.17,646.9 1 0
github.com/mrz1836/go-coverage/internal/github/status_check.go:650.2,659.3 1 0
github.com/mrz1836/go-coverage/internal/github/status_check.go:663.109,664.54 1 6
github.com/mrz1836/go-coverage/internal/github/status_check.go:664.54,666.3 1 3
github.com/mrz1836/go-coverage/internal/github/status_check.go:669.2,669.38 1 3
github.com/mrz1836/go-coverage/internal/github/status_check.go:669.38,671.3 1 2
github.com/mrz1836/go-coverage/internal/github/status_check.go:674.2,674.91 1 1
github.com/mrz1836/go-coverage/internal/github/status_check.go:674.91,676.3 1 1
github.com/mrz1836/go-coverage/internal/github/status_check.go:678.2,678.14 1 0
github.com/mrz1836/go-coverage/internal/github/status_check.go:683.66,684.34 1 22
github.com/mrz1836/go-coverage/internal/github/status_check.go:684.34,686.3 1 20
github.com/mrz1836/go-coverage/internal/github/status_check.go:687.2,687.16 1 2
github.com/mrz1836/go-coverage/internal/github/status_check.go:690.71,698.18 4 16
github.com/mrz1836/go-coverage/internal/github/status_check.go:698.18,700.3 1 5
github.com/mrz1836/go-coverage/internal/github/status_check.go:702.2,702.20 1 11
github.com/mrz1836/go-coverage/internal/github/status_check.go:705.73,713.18 4 14
github.com/mrz1836/go-coverage/internal/github/status_check.go:713.18,715.3 1 4
github.com/mrz1836/go-coverage/internal/github/status_check.go:717.2,717.20 1 10
github.com/mrz1836/go-coverage/internal/github/status_check.go:721.119,737.2 2 1
